I,GEN,LogL,RateVector,State,A,R,N,D,C,E,Q,G,H,I,L,K,M,F,P,S,T,W,Y,V,Total
0,0,-368878,RV-order-S,S,58,11,17,10,3,11,8,32,23,6,3,14,4,2,14,138.879,59,0,7,14,434
0,0,-368878,RV-disorder-S,S,81,38,23,38,0,43,8,64,4,13,10,59,7,3,33,193.11,86,0,1,13,717
0,0,-368878,RV-order-T,T,71,28,20,24,15,38,12,4,7,20,28,38,15,7,2,56,238.925,0,10,39,672
0,0,-368878,RV-disorder-T,T,40,29,19,15,1,25,6,10,1,26,40,19,21,2,5,83,184.569,0,3,46,575
0,0,-368878,RV-order-W,W,0,0,0,0,0,0,0,0,1,9,0,1,0,0,0,0,0,28.8855,2,4,45
0,0,-368878,RV-disorder-W,W,0,4,0,0,0,0,0,0,2,1,1,0,0,1,0,0,0,22.8122,2,3,36
0,0,-368878,RV-order-Y,Y,1,2,0,1,0,2,0,0,5,2,7,1,1,28,0,0,1,0,59.4078,6,116
0,0,-368878,RV-disorder-E,E,72,160,80,329,1,445.417,169,47,44,37,40,239,14,19,20,110,70,3,18,22,1939
0,0,-368878,RV-order-Q,Q,12,49,27,13,0,49,123.023,7,16,21,25,43,14,4,5,33,24,0,4,9,478
0,0,-368878,RV-disorder-Q,Q,10,79,16,17,0,62,171.708,4,9,16,39,91,12,1,37,33,21,0,0,11,629
0,0,-368878,RV-disorder-M,M,22,4,1,1,0,3,5,0,0,43,154,1,140.489,14,1,6,16,0,0,12,423
0,0,-368878,RV-order-F,F,16,0,6,2,0,5,4,0,2,37,97,1,6,236.006,28,3,3,2,62,10,520
0,0,-368878,RV-disorder-F,F,4,1,0,3,0,0,0,0,2,17,12,1,0,65.005,2,2,0,0,12,15,136
0,0,-368878,RV-order-P,P,14,29,0,10,0,29,26,4,1,8,3,9,1,3,213.99,38,2,0,1,14,405
0,0,-368878,RV-disorder-P,P,9,1,0,13,0,15,4,1,1,4,2,2,0,0,162.778,16,3,0,1,12,246
0,0,-368878,RV-disorder-R,R,38,204.177,17,48,0,77,57,6,10,17,29,92,8,5,5,48,27,1,28,20,737
0,0,-368878,RV-order-R,R,16,339.391,24,34,1,54,38,24,21,11,23,194,12,1,18,33,18,0,8,8,877
0,0,-368878,RV-disorder-L,L,16,31,27,2,1,12,28,1,4,78,303.012,49,99,27,0,17,18,3,17,71,804
0,0,-368878,RV-order-K,K,28,202,68,57,0,73,31,12,36,9,48,290.692,12,5,8,48,35,1,5,17,985
0,0,-368878,RV-disorder-K,K,14,130,31,61,0,142,28,17,5,16,17,193.785,5,1,4,46,35,0,6,45,796
0,0,-368878,RV-order-M,M,10,10,4,6,0,6,14,2,4,74,88,6,149.377,8,1,7,17,1,12,54,473
0,0,-368878,RV-disorder-H,H,7,3,7,0,0,3,1,12,51.0304,1,1,4,3,0,0,57,2,1,4,2,159
0,0,-368878,RV-order-I,I,10,1,7,4,1,13,4,2,4,399.563,217,6,56,13,3,5,17,9,4,321,1096
0,0,-368878,RV-disorder-I,I,11,1,2,4,0,13,4,2,3,121.045,54,8,17,3,1,6,10,0,5,86,351
0,0,-368878,RV-order-L,L,12,22,14,9,1,21,6,0,2,160,384.518,24,143,81,3,15,25,3,17,158,1100
0,0,-368878,RV-order-A,A,469.994,28,22,47,5,58,35,106,7,22,28,33,7,14,5,201,51,2,8,69,1217
0,0,-368878,RV-disorder-D,D,58,48,77,305.653,0,367,50,49,9,25,41,106,11,18,17,85,51,0,11,26,1354
0,0,-368878,RV-disorder-A,A,197.052,51,38,55,1,40,27,46,2,27,32,14,17,30,4,59,40,0,2,57,739
0,0,-368878,RV-order-G,G,55,5,33,55,1,26,2,331.523,2,1,1,18,1,0,4,21,4,0,0,1,561
0,0,-368878,RV-disorder-G,G,12,3,16,45,0,14,2,156.535,7,1,3,5,1,2,3,42,20,0,7,13,352
0,0,-368878,RV-order-H,H,4,11,18,1,0,3,22,0,66.7051,1,4,29,1,2,2,3,3,0,6,5,181
0,0,-368878,RV-order-N,N,23,17,136.154,60,2,36,30,28,29,20,11,55,2,4,8,29,28,0,5,9,532
0,0,-368878,RV-disorder-Y,Y,1,3,1,0,1,0,2,0,25,3,24,4,0,11,0,3,3,0,73.7301,2,156
0,0,-368878,RV-order-V,V,55,12,3,5,7,20,6,2,2,304,112,22,23,6,7,9,17,2,5,319.777,938
0,0,-368878,RV-disorder-V,V,80,42,6,17,4,27,4,32,2,175,82,27,11,9,39,34,39,0,17,267.818,914
0,0,-368878,RV-O,O,4752.3,5113,9865
0,0,-368878,RV-D,D,7972,3059.03,11031
0,0,-368878,RV-order-D,D,42,44,148,402.402,3,331,26,81,14,7,14,79,9,12,30,80,30,0,8,11,1371
0,0,-368878,RV-disorder-N,N,19,16,139.62,23,4,52,28,44,11,46,33,43,8,0,1,35,32,0,6,28,568
0,0,-368878,RV-order-C,C,9,0,0,0,39.8242,0,0,0,0,0,0,0,0,0,0,0,6,0,1,13,68
0,0,-368878,RV-disorder-C,C,0,0,0,0,22.2524,0,0,0,0,1,2,0,0,1,0,0,1,0,1,0,28
0,0,-368878,RV-order-E,E,139,108,85,374,2,525.92,139,43,30,36,44,179,13,22,30,93,62,1,37,36,1998
1,100,-288034,RV-order-S,S,58,11,17,10,3,11,8,32,23,6,3,14,4,2,14,137.773,59,0,7,14,433
1,100,-288034,RV-disorder-S,S,81,38,23,38,0,43,8,64,4,13,10,59,7,3,33,191.553,86,0,1,13,715
1,100,-288034,RV-order-T,T,71,28,20,24,15,38,12,4,7,20,28,38,15,7,2,56,236.889,0,10,39,670
1,100,-288034,RV-disorder-T,T,40,29,19,15,1,25,6,10,1,26,40,19,21,2,5,83,183.088,0,3,46,574
1,100,-288034,RV-order-W,W,0,0,0,0,0,0,0,0,1,9,0,1,0,0,0,0,0,28.8029,2,4,45
1,100,-288034,RV-disorder-W,W,0,4,0,0,0,0,0,0,2,1,1,0,0,1,0,0,0,22.7869,2,3,36
1,100,-288034,RV-order-Y,Y,1,2,0,1,0,2,0,0,5,2,7,1,1,28,0,0,1,0,59.0412,6,116
1,100,-288034,RV-disorder-E,E,72,160,80,329,1,441.589,169,47,44,37,40,239,14,19,20,110,70,3,18,22,1935
1,100,-288034,RV-order-Q,Q,12,49,27,13,0,49,122.065,7,16,21,25,43,14,4,5,33,24,0,4,9,477
1,100,-288034,RV-disorder-Q,Q,10,79,16,17,0,62,170.343,4,9,16,39,91,12,1,37,33,21,0,0,11,628
1,100,-288034,RV-disorder-M,M,22,4,1,1,0,3,5,0,0,43,154,1,139.405,14,1,6,16,0,0,12,422
1,100,-288034,RV-order-F,F,16,0,6,2,0,5,4,0,2,37,97,1,6,233.997,28,3,3,2,62,10,517
1,100,-288034,RV-disorder-F,F,4,1,0,3,0,0,0,0,2,17,12,1,0,64.6001,2,2,0,0,12,15,135
1,100,-288034,RV-order-P,P,14,29,0,10,0,29,26,4,1,8,3,9,1,3,212.185,38,2,0,1,14,404
1,100,-288034,RV-disorder-P,P,9,1,0,13,0,15,4,1,1,4,2,2,0,0,161.494,16,3,0,1,12,245
1,100,-288034,RV-disorder-R,R,38,202.52,17,48,0,77,57,6,10,17,29,92,8,5,5,48,27,1,28,20,735
1,100,-288034,RV-order-R,R,16,336.419,24,34,1,54,38,24,21,11,23,194,12,1,18,33,18,0,8,8,874
1,100,-288034,RV-disorder-L,L,16,31,27,2,1,12,28,1,4,78,300.466,49,99,27,0,17,18,3,17,71,801
1,100,-288034,RV-order-K,K,28,202,68,57,0,73,31,12,36,9,48,288.174,12,5,8,48,35,1,5,17,983
1,100,-288034,RV-disorder-K,K,14,130,31,61,0,142,28,17,5,16,17,192.222,5,1,4,46,35,0,6,45,795
1,100,-288034,RV-order-M,M,10,10,4,6,0,6,14,2,4,74,88,6,148.174,8,1,7,17,1,12,54,472
1,100,-288034,RV-disorder-H,H,7,3,7,0,0,3,1,12,50.7512,1,1,4,3,0,0,57,2,1,4,2,158
1,100,-288034,RV-order-I,I,10,1,7,4,1,13,4,2,4,396.032,217,6,56,13,3,5,17,9,4,321,1093
1,100,-288034,RV-disorder-I,I,11,1,2,4,0,13,4,2,3,120.136,54,8,17,3,1,6,10,0,5,86,350
1,100,-288034,RV-order-L,L,12,22,14,9,1,21,6,0,2,160,381.127,24,143,81,3,15,25,3,17,158,1097
1,100,-288034,RV-order-A,A,465.807,28,22,47,5,58,35,106,7,22,28,33,7,14,5,201,51,2,8,69,1213
1,100,-288034,RV-disorder-D,D,58,48,77,303.084,0,367,50,49,9,25,41,106,11,18,17,85,51,0,11,26,1352
1,100,-288034,RV-disorder-A,A,195.459,51,38,55,1,40,27,46,2,27,32,14,17,30,4,59,40,0,2,57,737
1,100,-288034,RV-order-G,G,55,5,33,55,1,26,2,328.516,2,1,1,18,1,0,4,21,4,0,0,1,558
1,100,-288034,RV-disorder-G,G,12,3,16,45,0,14,2,155.415,7,1,3,5,1,2,3,42,20,0,7,13,351
1,100,-288034,RV-order-H,H,4,11,18,1,0,3,22,0,66.2706,1,4,29,1,2,2,3,3,0,6,5,181
1,100,-288034,RV-order-N,N,23,17,135.073,60,2,36,30,28,29,20,11,55,2,4,8,29,28,0,5,9,531
1,100,-288034,RV-disorder-Y,Y,1,3,1,0,1,0,2,0,25,3,24,4,0,11,0,3,3,0,73.2467,2,156
1,100,-288034,RV-order-V,V,55,12,3,5,7,20,6,2,2,304,112,22,23,6,7,9,17,2,5,316.988,935
1,100,-288034,RV-disorder-V,V,80,42,6,17,4,27,4,32,2,175,82,27,11,9,39,34,39,0,17,265.589,912
1,100,-288034,RV-O,O,4752.19,5113,9865
1,100,-288034,RV-D,D,7971,3059.2,11030
1,100,-288034,RV-order-D,D,42,44,148,398.845,3,331,26,81,14,7,14,79,9,12,30,80,30,0,8,11,1367
1,100,-288034,RV-disorder-N,N,19,16,138.543,23,4,52,28,44,11,46,33,43,8,0,1,35,32,0,6,28,567
1,100,-288034,RV-order-C,C,9,0,0,0,39.6398,0,0,0,0,0,0,0,0,0,0,0,6,0,1,13,68
1,100,-288034,RV-disorder-C,C,0,0,0,0,22.2321,0,0,0,0,1,2,0,0,1,0,0,1,0,1,0,28
1,100,-288034,RV-order-E,E,139,108,85,374,2,521.213,139,43,30,36,44,179,13,22,30,93,62,1,37,36,1994
2,200,-263394,RV-order-S,S,58,13,17,10,3,11,8,32,23,6,3,14,4,2,14,98.5735,59,0,7,14,396
2,200,-263394,RV-disorder-S,S,80,34,23,37,0,44,9,65,4,13,10,59,7,3,33,102.765,88,0,1,13,625
2,200,-263394,RV-order-T,T,71,28,20,24,15,38,12,4,7,20,28,38,15,7,2,56,164.495,0,10,39,598
2,200,-263394,RV-disorder-T,T,40,29,19,15,1,25,6,10,1,26,40,19,21,2,5,83,97.8138,0,3,46,488
2,200,-263394,RV-order-W,W,0,0,0,0,0,0,0,0,1,9,0,1,0,0,0,0,0,25.8696,2,4,42
2,200,-263394,RV-disorder-W,W,0,4,0,0,0,0,0,0,2,1,1,0,0,1,0,0,0,21.3297,2,3,35
2,200,-263394,RV-order-Y,Y,1,2,0,1,0,2,0,0,5,2,7,1,1,28,0,0,1,0,46.032,6,103
2,200,-263394,RV-disorder-E,E,70,160,80,329,1,220.251,169,47,44,37,40,239,14,19,20,103,68,3,18,22,1703
2,200,-263394,RV-order-Q,Q,12,49,27,13,0,49,88.0551,7,16,21,25,43,14,4,5,33,24,0,4,9,443
2,200,-263394,RV-disorder-Q,Q,10,79,16,17,0,62,91.7017,4,9,16,39,91,12,1,37,32,21,0,0,11,548
2,200,-263394,RV-disorder-M,M,22,4,1,1,0,4,5,0,0,43,154,1,77.1016,14,1,7,16,0,0,12,362
2,200,-263394,RV-order-F,F,16,0,6,2,0,5,4,0,2,37,97,1,6,162.689,28,3,3,2,62,10,446
2,200,-263394,RV-disorder-F,F,4,1,0,3,0,0,0,0,2,17,12,1,0,41.2799,2,2,0,0,12,15,112
2,200,-263394,RV-order-P,P,14,29,0,10,0,29,26,4,1,8,3,9,1,3,148.146,38,2,0,1,14,340
2,200,-263394,RV-disorder-P,P,9,1,0,13,0,15,4,1,1,4,2,2,0,0,87.5103,16,3,0,1,12,171
2,200,-263394,RV-disorder-R,R,38,107.068,17,49,0,76,56,7,10,17,29,92,8,5,5,49,26,1,28,20,640
2,200,-263394,RV-order-R,R,16,230.791,24,34,1,54,38,24,21,11,23,194,12,1,18,33,18,0,8,8,768
2,200,-263394,RV-disorder-L,L,16,31,27,2,1,12,28,1,4,78,153.818,49,99,27,0,17,18,3,17,71,654
2,200,-263394,RV-order-K,K,28,202,68,57,0,73,31,12,36,9,48,198.814,12,5,8,48,35,1,5,17,893
2,200,-263394,RV-disorder-K,K,14,130,31,61,0,142,28,17,5,16,17,102.172,5,1,4,46,35,0,6,45,705
2,200,-263394,RV-order-M,M,10,10,4,6,0,6,14,2,4,74,88,6,105.464,8,1,7,17,1,12,54,429
2,200,-263394,RV-disorder-H,H,7,3,7,0,0,3,1,12,34.6722,1,1,4,3,0,0,57,2,1,4,2,142
2,200,-263394,RV-order-I,I,10,1,7,4,1,13,4,2,4,270.732,217,6,56,13,3,5,17,9,4,321,967
2,200,-263394,RV-disorder-I,I,11,1,2,4,0,13,4,2,3,67.7777,54,8,17,3,1,6,10,0,5,86,297
2,200,-263394,RV-order-L,L,12,22,14,9,1,21,6,0,2,160,260.793,24,143,81,3,15,25,3,17,158,976
2,200,-263394,RV-order-A,A,317.318,29,22,47,5,58,35,106,7,22,28,33,7,14,5,201,52,2,8,69,1067
2,200,-263394,RV-disorder-D,D,58,48,77,154.994,0,367,50,49,9,25,41,106,11,18,17,85,51,0,11,26,1203
2,200,-263394,RV-disorder-A,A,103.975,50,38,55,1,41,27,44,2,27,32,14,18,30,4,60,40,0,2,57,645
2,200,-263394,RV-order-G,G,55,5,33,55,1,26,2,225.713,2,1,1,18,1,0,4,21,4,0,0,1,455
2,200,-263394,RV-disorder-G,G,13,3,16,45,0,14,2,84.6118,7,1,3,5,1,2,3,42,20,0,7,13,281
2,200,-263394,RV-order-H,H,4,11,18,1,0,3,22,0,50.8524,1,4,29,1,2,2,3,3,0,6,5,165
2,200,-263394,RV-order-N,N,23,17,96.729,60,2,36,30,28,29,20,11,55,2,4,8,29,28,0,5,9,492
2,200,-263394,RV-disorder-Y,Y,1,3,1,0,1,0,2,0,25,3,24,4,0,11,0,3,3,0,45.4054,2,128
2,200,-263394,RV-order-V,V,55,12,3,5,7,20,6,2,2,304,112,22,23,6,7,9,17,2,5,218.027,837
2,200,-263394,RV-disorder-V,V,80,42,6,17,4,27,4,32,2,175,82,27,11,9,39,34,39,0,17,137.177,784
2,200,-263394,RV-O,O,4620.81,5113,9733
2,200,-263394,RV-D,D,7971,2974.82,10945
2,200,-263394,RV-order-D,D,42,44,148,272.607,3,331,26,81,14,7,14,79,9,12,30,80,30,0,8,11,1241
2,200,-263394,RV-disorder-N,N,19,16,76.5602,23,4,52,28,44,11,46,33,43,8,0,1,35,32,0,6,28,505
2,200,-263394,RV-order-C,C,9,0,0,0,33.0955,0,0,0,0,0,0,0,0,0,0,0,6,0,1,13,62
2,200,-263394,RV-disorder-C,C,0,0,0,0,21.065,0,0,0,0,1,2,0,0,1,0,0,1,0,1,0,27
2,200,-263394,RV-order-E,E,139,108,85,374,2,354.2,139,43,30,36,44,179,13,22,30,93,62,1,37,36,1827
3,300,-246316,RV-order-S,S,58,13,17,10,3,11,8,32,23,6,3,14,4,2,14,53.8029,59,0,7,14,351
3,300,-246316,RV-disorder-S,S,80,34,23,37,0,44,9,65,4,13,10,59,7,3,33,49.7357,88,0,1,13,572
3,300,-246316,RV-order-T,T,71,28,20,24,15,38,12,4,7,20,28,38,15,7,2,56,82.1626,0,10,39,516
3,300,-246316,RV-disorder-T,T,40,29,19,15,1,25,6,10,1,26,40,19,21,2,5,83,47.9569,0,3,46,438
3,300,-246316,RV-order-W,W,0,0,0,0,0,0,0,0,1,9,0,1,0,0,0,0,0,22.5251,2,4,39
3,300,-246316,RV-disorder-W,W,0,4,0,0,0,0,0,0,2,1,1,0,0,1,0,0,0,20.4777,2,3,34
3,300,-246316,RV-order-Y,Y,1,2,0,1,0,2,0,0,5,2,7,1,1,28,0,0,1,0,31.1992,6,88
3,300,-246316,RV-disorder-E,E,70,160,80,329,1,91.946,169,47,44,37,40,239,14,19,20,103,68,3,18,22,1574
3,300,-246316,RV-order-Q,Q,12,49,27,13,0,49,49.2778,7,16,21,25,43,14,4,5,33,24,0,4,9,404
3,300,-246316,RV-disorder-Q,Q,10,79,16,17,0,62,45.7609,4,9,16,39,91,12,1,37,32,21,0,0,11,502
3,300,-246316,RV-disorder-M,M,22,4,1,1,0,4,5,0,0,43,154,1,40.5154,14,1,7,16,0,0,12,325
3,300,-246316,RV-order-F,F,16,0,6,2,0,5,4,0,2,37,97,1,6,81.2944,28,3,3,2,62,10,365
3,300,-246316,RV-disorder-F,F,4,1,0,3,0,0,0,0,2,17,12,1,0,27.7002,2,2,0,0,12,15,98
3,300,-246316,RV-order-P,P,14,29,0,10,0,29,26,4,1,8,3,9,1,3,75.1293,38,2,0,1,14,267
3,300,-246316,RV-disorder-P,P,9,1,0,13,0,15,4,1,1,4,2,2,0,0,44.255,16,3,0,1,12,128
3,300,-246316,RV-disorder-R,R,38,51.2817,17,49,0,76,56,7,10,17,29,92,8,5,5,49,26,1,28,20,584
3,300,-246316,RV-order-R,R,16,110.684,24,34,1,54,38,24,21,11,23,194,12,1,18,33,18,0,8,8,648
3,300,-246316,RV-disorder-L,L,16,31,27,2,1,12,28,1,4,78,68.0779,49,99,27,0,17,18,3,17,71,569
3,300,-246316,RV-order-K,K,28,202,68,57,0,73,31,12,36,9,48,96.9269,12,5,8,48,35,1,5,17,791
3,300,-246316,RV-disorder-K,K,14,130,31,61,0,142,28,17,5,16,17,49.5226,5,1,4,46,35,0,6,45,652
3,300,-246316,RV-order-M,M,10,10,4,6,0,6,14,2,4,74,88,6,56.7673,8,1,7,17,1,12,54,380
3,300,-246316,RV-disorder-H,H,7,3,7,0,0,3,1,12,25.2714,1,1,4,3,0,0,57,2,1,4,2,133
3,300,-246316,RV-order-I,I,10,1,7,4,1,13,4,2,4,127.867,217,6,56,13,3,5,17,9,4,321,824
3,300,-246316,RV-disorder-I,I,11,1,2,4,0,13,4,2,3,37.1655,54,8,17,3,1,6,10,0,5,86,267
3,300,-246316,RV-order-L,L,12,22,14,9,1,21,6,0,2,160,123.591,24,143,81,3,15,25,3,17,158,839
3,300,-246316,RV-order-A,A,147.908,29,22,47,5,58,35,106,7,22,28,33,7,14,5,201,52,2,8,69,897
3,300,-246316,RV-disorder-D,D,58,48,77,68.5007,0,367,50,49,9,25,41,106,11,18,17,85,51,0,11,26,1117
3,300,-246316,RV-disorder-A,A,50.1705,50,38,55,1,41,27,44,2,27,32,14,18,30,4,60,40,0,2,57,592
3,300,-246316,RV-order-G,G,55,5,33,55,1,26,2,108.499,2,1,1,18,1,0,4,21,4,0,0,1,338
3,300,-246316,RV-disorder-G,G,13,3,16,45,0,14,2,43.2137,7,1,3,5,1,2,3,42,20,0,7,13,240
3,300,-246316,RV-order-H,H,4,11,18,1,0,3,22,0,33.2729,1,4,29,1,2,2,3,3,0,6,5,148
3,300,-246316,RV-order-N,N,23,17,52.9783,60,2,36,30,28,29,20,11,55,2,4,8,29,28,0,5,9,448
3,300,-246316,RV-disorder-Y,Y,1,3,1,0,1,0,2,0,25,3,24,4,0,11,0,3,3,0,29.1276,2,112
3,300,-246316,RV-order-V,V,55,12,3,5,7,20,6,2,2,304,112,22,23,6,7,9,17,2,5,105.193,724
3,300,-246316,RV-disorder-V,V,80,42,6,17,4,27,4,32,2,175,82,27,11,9,39,34,39,0,17,62.0992,709
3,300,-246316,RV-O,O,4528.97,5113,9641
3,300,-246316,RV-D,D,7969,2916.65,10885
3,300,-246316,RV-order-D,D,42,44,148,128.674,3,331,26,81,14,7,14,79,9,12,30,80,30,0,8,11,1097
3,300,-246316,RV-disorder-N,N,19,16,40.3395,23,4,52,28,44,11,46,33,43,8,0,1,35,32,0,6,28,469
3,300,-246316,RV-order-C,C,9,0,0,0,25.6338,0,0,0,0,0,0,0,0,0,0,0,6,0,1,13,54
3,300,-246316,RV-disorder-C,C,0,0,0,0,20.3826,0,0,0,0,1,2,0,0,1,0,0,1,0,1,0,26
3,300,-246316,RV-order-E,E,139,108,85,374,2,163.775,139,43,30,36,44,179,13,22,30,93,62,1,37,36,1636
4,400,-238704,RV-order-S,S,58,13,17,10,3,11,8,32,23,6,3,14,4,2,14,38.315,59,0,7,14,336
4,400,-238704,RV-disorder-S,S,80,34,23,37,0,44,9,65,4,13,10,59,7,3,33,38.3381,88,0,1,13,561
4,400,-238704,RV-order-T,T,71,28,20,24,15,38,12,4,7,20,28,38,15,7,2,56,53.6808,0,10,39,487
4,400,-238704,RV-disorder-T,T,40,29,19,15,1,25,6,10,1,26,40,19,21,2,5,83,37.2411,0,3,46,428
4,400,-238704,RV-order-W,W,0,0,0,0,0,0,0,0,1,9,0,1,0,0,0,0,0,21.3682,2,4,38
4,400,-238704,RV-disorder-W,W,0,4,0,0,0,0,0,0,2,1,1,0,0,1,0,0,0,20.2946,2,3,34
4,400,-238704,RV-order-Y,Y,1,2,0,1,0,2,0,0,5,2,7,1,1,28,0,0,1,0,26.0679,6,83
4,400,-238704,RV-disorder-E,E,70,160,80,329,1,64.3694,169,47,44,37,40,239,14,19,20,103,68,3,18,22,1547
4,400,-238704,RV-order-Q,Q,12,49,27,13,0,49,35.8632,7,16,21,25,43,14,4,5,33,24,0,4,9,390
4,400,-238704,RV-disorder-Q,Q,10,79,16,17,0,62,35.8869,4,9,16,39,91,12,1,37,32,21,0,0,11,492
4,400,-238704,RV-disorder-M,M,22,4,1,1,0,4,5,0,0,43,154,1,32.6519,14,1,7,16,0,0,12,317
4,400,-238704,RV-order-F,F,16,0,6,2,0,5,4,0,2,37,97,1,6,53.2104,28,3,3,2,62,10,337
4,400,-238704,RV-disorder-F,F,4,1,0,3,0,0,0,0,2,17,12,1,0,24.7488,2,2,0,0,12,15,95
4,400,-238704,RV-order-P,P,14,29,0,10,0,29,26,4,1,8,3,9,1,3,49.8701,38,2,0,1,14,241
4,400,-238704,RV-disorder-P,P,9,1,0,13,0,15,4,1,1,4,2,2,0,0,34.9582,16,3,0,1,12,118
4,400,-238704,RV-disorder-R,R,38,39.2772,17,49,0,76,56,7,10,17,29,92,8,5,5,49,26,1,28,20,572
4,400,-238704,RV-order-R,R,16,69.1342,24,34,1,54,38,24,21,11,23,194,12,1,18,33,18,0,8,8,607
4,400,-238704,RV-disorder-L,L,16,31,27,2,1,12,28,1,4,78,49.6498,49,99,27,0,17,18,3,17,71,550
4,400,-238704,RV-order-K,K,28,202,68,57,0,73,31,12,36,9,48,61.6804,12,5,8,48,35,1,5,17,756
4,400,-238704,RV-disorder-K,K,14,130,31,61,0,142,28,17,5,16,17,38.2067,5,1,4,46,35,0,6,45,641
4,400,-238704,RV-order-M,M,10,10,4,6,0,6,14,2,4,74,88,6,39.9212,8,1,7,17,1,12,54,363
4,400,-238704,RV-disorder-H,H,7,3,7,0,0,3,1,12,23.2509,1,1,4,3,0,0,57,2,1,4,2,131
4,400,-238704,RV-order-I,I,10,1,7,4,1,13,4,2,4,78.4441,217,6,56,13,3,5,17,9,4,321,775
4,400,-238704,RV-disorder-I,I,11,1,2,4,0,13,4,2,3,30.586,54,8,17,3,1,6,10,0,5,86,260
4,400,-238704,RV-order-L,L,12,22,14,9,1,21,6,0,2,160,76.1275,24,143,81,3,15,25,3,17,158,792
4,400,-238704,RV-order-A,A,89.3031,29,22,47,5,58,35,106,7,22,28,33,7,14,5,201,52,2,8,69,839
4,400,-238704,RV-disorder-D,D,58,48,77,49.9106,0,367,50,49,9,25,41,106,11,18,17,85,51,0,11,26,1098
4,400,-238704,RV-disorder-A,A,38.6063,50,38,55,1,41,27,44,2,27,32,14,18,30,4,60,40,0,2,57,580
4,400,-238704,RV-order-G,G,55,5,33,55,1,26,2,67.9506,2,1,1,18,1,0,4,21,4,0,0,1,297
4,400,-238704,RV-disorder-G,G,13,3,16,45,0,14,2,34.316,7,1,3,5,1,2,3,42,20,0,7,13,231
4,400,-238704,RV-order-H,H,4,11,18,1,0,3,22,0,27.1915,1,4,29,1,2,2,3,3,0,6,5,142
4,400,-238704,RV-order-N,N,23,17,37.8682,60,2,36,30,28,29,20,11,55,2,4,8,29,28,0,5,9,433
4,400,-238704,RV-disorder-Y,Y,1,3,1,0,1,0,2,0,25,3,24,4,0,11,0,3,3,0,25.629,2,108
4,400,-238704,RV-order-V,V,55,12,3,5,7,20,6,2,2,304,112,22,23,6,7,9,17,2,5,66.1589,685
4,400,-238704,RV-disorder-V,V,80,42,6,17,4,27,4,32,2,175,82,27,11,9,39,34,39,0,17,45.9628,692
4,400,-238704,RV-O,O,4449.01,5113,9562
4,400,-238704,RV-D,D,7969,2865.28,10834
4,400,-238704,RV-order-D,D,42,44,148,78.8813,3,331,26,81,14,7,14,79,9,12,30,80,30,0,8,11,1047
4,400,-238704,RV-disorder-N,N,19,16,32.5578,23,4,52,28,44,11,46,33,43,8,0,1,35,32,0,6,28,461
4,400,-238704,RV-order-C,C,9,0,0,0,23.0525,0,0,0,0,0,0,0,0,0,0,0,6,0,1,13,52
4,400,-238704,RV-disorder-C,C,0,0,0,0,20.236,0,0,0,0,1,2,0,0,1,0,0,1,0,1,0,26
4,400,-238704,RV-order-E,E,139,108,85,374,2,97.9001,139,43,30,36,44,179,13,22,30,93,62,1,37,36,1570
5,500,-235286,RV-order-S,S,58,13,17,10,3,11,8,32,23,6,3,14,4,2,14,38.315,59,0,7,14,336
5,500,-235286,RV-disorder-S,S,80,34,23,37,0,44,9,65,4,13,10,59,7,3,33,38.3381,88,0,1,13,561
5,500,-235286,RV-order-T,T,71,28,20,24,15,38,12,4,7,20,28,38,15,7,2,56,53.6808,0,10,39,487
5,500,-235286,RV-disorder-T,T,40,29,19,15,1,25,6,10,1,26,40,19,21,2,5,83,37.2411,0,3,46,428
5,500,-235286,RV-order-W,W,0,0,0,0,0,0,0,0,1,9,0,1,0,0,0,0,0,21.3682,2,4,38
5,500,-235286,RV-disorder-W,W,0,4,0,0,0,0,0,0,2,1,1,0,0,1,0,0,0,20.2946,2,3,34
5,500,-235286,RV-order-Y,Y,1,2,0,1,0,2,0,0,5,2,7,1,1,28,0,0,1,0,26.0679,6,83
5,500,-235286,RV-disorder-E,E,70,160,80,329,1,64.3694,169,47,44,37,40,239,14,19,20,103,68,3,18,22,1547
5,500,-235286,RV-order-Q,Q,12,49,27,13,0,49,35.8632,7,16,21,25,43,14,4,5,33,24,0,4,9,390
5,500,-235286,RV-disorder-Q,Q,10,79,16,17,0,62,35.8869,4,9,16,39,91,12,1,37,32,21,0,0,11,492
5,500,-235286,RV-disorder-M,M,22,4,1,1,0,4,5,0,0,43,154,1,32.6519,14,1,7,16,0,0,12,317
5,500,-235286,RV-order-F,F,16,0,6,2,0,5,4,0,2,37,97,1,6,53.2104,28,3,3,2,62,10,337
5,500,-235286,RV-disorder-F,F,4,1,0,3,0,0,0,0,2,17,12,1,0,24.7488,2,2,0,0,12,15,95
5,500,-235286,RV-order-P,P,14,29,0,10,0,29,26,4,1,8,3,9,1,3,49.8701,38,2,0,1,14,241
5,500,-235286,RV-disorder-P,P,9,1,0,13,0,15,4,1,1,4,2,2,0,0,34.9582,16,3,0,1,12,118
5,500,-235286,RV-disorder-R,R,38,39.2772,17,49,0,76,56,7,10,17,29,92,8,5,5,49,26,1,28,20,572
5,500,-235286,RV-order-R,R,16,69.1342,24,34,1,54,38,24,21,11,23,194,12,1,18,33,18,0,8,8,607
5,500,-235286,RV-disorder-L,L,16,31,27,2,1,12,28,1,4,78,49.6498,49,99,27,0,17,18,3,17,71,550
5,500,-235286,RV-order-K,K,28,202,68,57,0,73,31,12,36,9,48,61.6804,12,5,8,48,35,1,5,17,756
5,500,-235286,RV-disorder-K,K,14,130,31,61,0,142,28,17,5,16,17,38.2067,5,1,4,46,35,0,6,45,641
5,500,-235286,RV-order-M,M,10,10,4,6,0,6,14,2,4,74,88,6,39.9212,8,1,7,17,1,12,54,363
5,500,-235286,RV-disorder-H,H,7,3,7,0,0,3,1,12,23.2509,1,1,4,3,0,0,57,2,1,4,2,131
5,500,-235286,RV-order-I,I,10,1,7,4,1,13,4,2,4,78.4441,217,6,56,13,3,5,17,9,4,321,775
5,500,-235286,RV-disorder-I,I,11,1,2,4,0,13,4,2,3,30.586,54,8,17,3,1,6,10,0,5,86,260
5,500,-235286,RV-order-L,L,12,22,14,9,1,21,6,0,2,160,76.1275,24,143,81,3,15,25,3,17,158,792
5,500,-235286,RV-order-A,A,89.3031,29,22,47,5,58,35,106,7,22,28,33,7,14,5,201,52,2,8,69,839
5,500,-235286,RV-disorder-D,D,58,48,77,49.9106,0,367,50,49,9,25,41,106,11,18,17,85,51,0,11,26,1098
5,500,-235286,RV-disorder-A,A,38.6063,50,38,55,1,41,27,44,2,27,32,14,18,30,4,60,40,0,2,57,580
5,500,-235286,RV-order-G,G,55,5,33,55,1,26,2,67.9506,2,1,1,18,1,0,4,21,4,0,0,1,297
5,500,-235286,RV-disorder-G,G,13,3,16,45,0,14,2,34.316,7,1,3,5,1,2,3,42,20,0,7,13,231
5,500,-235286,RV-order-H,H,4,11,18,1,0,3,22,0,27.1915,1,4,29,1,2,2,3,3,0,6,5,142
5,500,-235286,RV-order-N,N,23,17,37.8682,60,2,36,30,28,29,20,11,55,2,4,8,29,28,0,5,9,433
5,500,-235286,RV-disorder-Y,Y,1,3,1,0,1,0,2,0,25,3,24,4,0,11,0,3,3,0,25.629,2,108
5,500,-235286,RV-order-V,V,55,12,3,5,7,20,6,2,2,304,112,22,23,6,7,9,17,2,5,66.1589,685
5,500,-235286,RV-disorder-V,V,80,42,6,17,4,27,4,32,2,175,82,27,11,9,39,34,39,0,17,45.9628,692
5,500,-235286,RV-O,O,4449.01,5113,9562
5,500,-235286,RV-D,D,7969,2865.28,10834
5,500,-235286,RV-order-D,D,42,44,148,78.8813,3,331,26,81,14,7,14,79,9,12,30,80,30,0,8,11,1047
5,500,-235286,RV-disorder-N,N,19,16,32.5578,23,4,52,28,44,11,46,33,43,8,0,1,35,32,0,6,28,461
5,500,-235286,RV-order-C,C,9,0,0,0,23.0525,0,0,0,0,0,0,0,0,0,0,0,6,0,1,13,52
5,500,-235286,RV-disorder-C,C,0,0,0,0,20.236,0,0,0,0,1,2,0,0,1,0,0,1,0,1,0,26
5,500,-235286,RV-order-E,E,139,108,85,374,2,97.9001,139,43,30,36,44,179,13,22,30,93,62,1,37,36,1570
