I,GEN,LogL,NAME,ANC,VECTOR
0,0,-2079.35,RV-order-A,A,0.1981,0.0001,0.0001,0.0001,0.0001,0.0001,0.0001,0.0001,0.0001,0.0001,0.0001,0.0001,0.0001,0.0001,0.0001,0.0001,0.0001,0.0001,0.0001,0.0001
0,0,-2079.35,RV-disorder-A,A,0.1981,0.0001,0.0001,0.0001,0.0001,0.0001,0.0001,0.0001,0.0001,0.0001,0.0001,0.0001,0.0001,0.0001,0.0001,0.0001,0.0001,0.0001,0.0001,0.0001
0,0,-2079.35,RV-order-R,R,0.0001,0.1981,0.0001,0.0001,0.0001,0.0001,0.0001,0.0001,0.0001,0.0001,0.0001,0.0001,0.0001,0.0001,0.0001,0.0001,0.0001,0.0001,0.0001,0.0001
0,0,-2079.35,RV-disorder-R,R,0.0001,0.1981,0.0001,0.0001,0.0001,0.0001,0.0001,0.0001,0.0001,0.0001,0.0001,0.0001,0.0001,0.0001,0.0001,0.0001,0.0001,0.0001,0.0001,0.0001
0,0,-2079.35,RV-order-N,N,0.0001,0.0001,0.1981,0.0001,0.0001,0.0001,0.0001,0.0001,0.0001,0.0001,0.0001,0.0001,0.0001,0.0001,0.0001,0.0001,0.0001,0.0001,0.0001,0.0001
0,0,-2079.35,RV-disorder-N,N,0.0001,0.0001,0.1981,0.0001,0.0001,0.0001,0.0001,0.0001,0.0001,0.0001,0.0001,0.0001,0.0001,0.0001,0.0001,0.0001,0.0001,0.0001,0.0001,0.0001
0,0,-2079.35,RV-order-D,D,0.0001,0.0001,0.0001,0.1981,0.0001,0.0001,0.0001,0.0001,0.0001,0.0001,0.0001,0.0001,0.0001,0.0001,0.0001,0.0001,0.0001,0.0001,0.0001,0.0001
0,0,-2079.35,RV-disorder-D,D,0.0001,0.0001,0.0001,0.1981,0.0001,0.0001,0.0001,0.0001,0.0001,0.0001,0.0001,0.0001,0.0001,0.0001,0.0001,0.0001,0.0001,0.0001,0.0001,0.0001
0,0,-2079.35,RV-order-C,C,0.0001,0.0001,0.0001,0.0001,0.1981,0.0001,0.0001,0.0001,0.0001,0.0001,0.0001,0.0001,0.0001,0.0001,0.0001,0.0001,0.0001,0.0001,0.0001,0.0001
0,0,-2079.35,RV-disorder-C,C,0.0001,0.0001,0.0001,0.0001,0.1981,0.0001,0.0001,0.0001,0.0001,0.0001,0.0001,0.0001,0.0001,0.0001,0.0001,0.0001,0.0001,0.0001,0.0001,0.0001
0,0,-2079.35,RV-order-E,E,0.0001,0.0001,0.0001,0.0001,0.0001,0.1981,0.0001,0.0001,0.0001,0.0001,0.0001,0.0001,0.0001,0.0001,0.0001,0.0001,0.0001,0.0001,0.0001,0.0001
0,0,-2079.35,RV-disorder-E,E,0.0001,0.0001,0.0001,0.0001,0.0001,0.1981,0.0001,0.0001,0.0001,0.0001,0.0001,0.0001,0.0001,0.0001,0.0001,0.0001,0.0001,0.0001,0.0001,0.0001
0,0,-2079.35,RV-order-Q,Q,0.0001,0.0001,0.0001,0.0001,0.0001,0.0001,0.1981,0.0001,0.0001,0.0001,0.0001,0.0001,0.0001,0.0001,0.0001,0.0001,0.0001,0.0001,0.0001,0.0001
0,0,-2079.35,RV-disorder-Q,Q,0.0001,0.0001,0.0001,0.0001,0.0001,0.0001,0.1981,0.0001,0.0001,0.0001,0.0001,0.0001,0.0001,0.0001,0.0001,0.0001,0.0001,0.0001,0.0001,0.0001
0,0,-2079.35,RV-order-G,G,0.0001,0.0001,0.0001,0.0001,0.0001,0.0001,0.0001,0.1981,0.0001,0.0001,0.0001,0.0001,0.0001,0.0001,0.0001,0.0001,0.0001,0.0001,0.0001,0.0001
0,0,-2079.35,RV-disorder-G,G,0.0001,0.0001,0.0001,0.0001,0.0001,0.0001,0.0001,0.1981,0.0001,0.0001,0.0001,0.0001,0.0001,0.0001,0.0001,0.0001,0.0001,0.0001,0.0001,0.0001
0,0,-2079.35,RV-order-H,H,0.0001,0.0001,0.0001,0.0001,0.0001,0.0001,0.0001,0.0001,0.1981,0.0001,0.0001,0.0001,0.0001,0.0001,0.0001,0.0001,0.0001,0.0001,0.0001,0.0001
0,0,-2079.35,RV-disorder-H,H,0.0001,0.0001,0.0001,0.0001,0.0001,0.0001,0.0001,0.0001,0.1981,0.0001,0.0001,0.0001,0.0001,0.0001,0.0001,0.0001,0.0001,0.0001,0.0001,0.0001
0,0,-2079.35,RV-order-I,I,0.0001,0.0001,0.0001,0.0001,0.0001,0.0001,0.0001,0.0001,0.0001,0.1981,0.0001,0.0001,0.0001,0.0001,0.0001,0.0001,0.0001,0.0001,0.0001,0.0001
0,0,-2079.35,RV-disorder-I,I,0.0001,0.0001,0.0001,0.0001,0.0001,0.0001,0.0001,0.0001,0.0001,0.1981,0.0001,0.0001,0.0001,0.0001,0.0001,0.0001,0.0001,0.0001,0.0001,0.0001
0,0,-2079.35,RV-order-L,L,0.0001,0.0001,0.0001,0.0001,0.0001,0.0001,0.0001,0.0001,0.0001,0.0001,0.1981,0.0001,0.0001,0.0001,0.0001,0.0001,0.0001,0.0001,0.0001,0.0001
0,0,-2079.35,RV-disorder-L,L,0.0001,0.0001,0.0001,0.0001,0.0001,0.0001,0.0001,0.0001,0.0001,0.0001,0.1981,0.0001,0.0001,0.0001,0.0001,0.0001,0.0001,0.0001,0.0001,0.0001
0,0,-2079.35,RV-order-K,K,0.0001,0.0001,0.0001,0.0001,0.0001,0.0001,0.0001,0.0001,0.0001,0.0001,0.0001,0.1981,0.0001,0.0001,0.0001,0.0001,0.0001,0.0001,0.0001,0.0001
0,0,-2079.35,RV-disorder-K,K,0.0001,0.0001,0.0001,0.0001,0.0001,0.0001,0.0001,0.0001,0.0001,0.0001,0.0001,0.1981,0.0001,0.0001,0.0001,0.0001,0.0001,0.0001,0.0001,0.0001
0,0,-2079.35,RV-order-M,M,0.0001,0.0001,0.0001,0.0001,0.0001,0.0001,0.0001,0.0001,0.0001,0.0001,0.0001,0.0001,0.1981,0.0001,0.0001,0.0001,0.0001,0.0001,0.0001,0.0001
0,0,-2079.35,RV-disorder-M,M,0.0001,0.0001,0.0001,0.0001,0.0001,0.0001,0.0001,0.0001,0.0001,0.0001,0.0001,0.0001,0.1981,0.0001,0.0001,0.0001,0.0001,0.0001,0.0001,0.0001
0,0,-2079.35,RV-order-F,F,0.0001,0.0001,0.0001,0.0001,0.0001,0.0001,0.0001,0.0001,0.0001,0.0001,0.0001,0.0001,0.0001,0.1981,0.0001,0.0001,0.0001,0.0001,0.0001,0.0001
0,0,-2079.35,RV-disorder-F,F,0.0001,0.0001,0.0001,0.0001,0.0001,0.0001,0.0001,0.0001,0.0001,0.0001,0.0001,0.0001,0.0001,0.1981,0.0001,0.0001,0.0001,0.0001,0.0001,0.0001
0,0,-2079.35,RV-order-P,P,0.0001,0.0001,0.0001,0.0001,0.0001,0.0001,0.0001,0.0001,0.0001,0.0001,0.0001,0.0001,0.0001,0.0001,0.1981,0.0001,0.0001,0.0001,0.0001,0.0001
0,0,-2079.35,RV-disorder-P,P,0.0001,0.0001,0.0001,0.0001,0.0001,0.0001,0.0001,0.0001,0.0001,0.0001,0.0001,0.0001,0.0001,0.0001,0.1981,0.0001,0.0001,0.0001,0.0001,0.0001
0,0,-2079.35,RV-order-S,S,0.0001,0.0001,0.0001,0.0001,0.0001,0.0001,0.0001,0.0001,0.0001,0.0001,0.0001,0.0001,0.0001,0.0001,0.0001,0.1981,0.0001,0.0001,0.0001,0.0001
0,0,-2079.35,RV-disorder-S,S,0.0001,0.0001,0.0001,0.0001,0.0001,0.0001,0.0001,0.0001,0.0001,0.0001,0.0001,0.0001,0.0001,0.0001,0.0001,0.1981,0.0001,0.0001,0.0001,0.0001
0,0,-2079.35,RV-order-T,T,0.0001,0.0001,0.0001,0.0001,0.0001,0.0001,0.0001,0.0001,0.0001,0.0001,0.0001,0.0001,0.0001,0.0001,0.0001,0.0001,0.1981,0.0001,0.0001,0.0001
0,0,-2079.35,RV-disorder-T,T,0.0001,0.0001,0.0001,0.0001,0.0001,0.0001,0.0001,0.0001,0.0001,0.0001,0.0001,0.0001,0.0001,0.0001,0.0001,0.0001,0.1981,0.0001,0.0001,0.0001
0,0,-2079.35,RV-order-W,W,0.0001,0.0001,0.0001,0.0001,0.0001,0.0001,0.0001,0.0001,0.0001,0.0001,0.0001,0.0001,0.0001,0.0001,0.0001,0.0001,0.0001,0.1981,0.0001,0.0001
0,0,-2079.35,RV-disorder-W,W,0.0001,0.0001,0.0001,0.0001,0.0001,0.0001,0.0001,0.0001,0.0001,0.0001,0.0001,0.0001,0.0001,0.0001,0.0001,0.0001,0.0001,0.1981,0.0001,0.0001
0,0,-2079.35,RV-order-Y,Y,0.0001,0.0001,0.0001,0.0001,0.0001,0.0001,0.0001,0.0001,0.0001,0.0001,0.0001,0.0001,0.0001,0.0001,0.0001,0.0001,0.0001,0.0001,0.1981,0.0001
0,0,-2079.35,RV-disorder-Y,Y,0.0001,0.0001,0.0001,0.0001,0.0001,0.0001,0.0001,0.0001,0.0001,0.0001,0.0001,0.0001,0.0001,0.0001,0.0001,0.0001,0.0001,0.0001,0.1981,0.0001
0,0,-2079.35,RV-order-V,V,0.0001,0.0001,0.0001,0.0001,0.0001,0.0001,0.0001,0.0001,0.0001,0.0001,0.0001,0.0001,0.0001,0.0001,0.0001,0.0001,0.0001,0.0001,0.0001,0.1981
0,0,-2079.35,RV-disorder-V,V,0.0001,0.0001,0.0001,0.0001,0.0001,0.0001,0.0001,0.0001,0.0001,0.0001,0.0001,0.0001,0.0001,0.0001,0.0001,0.0001,0.0001,0.0001,0.0001,0.1981
0,0,-2079.35,RV-O,O,0.199,0.001
0,0,-2079.35,RV-D,D,0.001,0.199
1,100,-1978.61,RV-order-A,A,0.175564,0.0012861,0.0012861,0.0012861,0.0012861,0.0012861,0.0012861,0.0012861,0.0012861,0.0012861,0.0012861,0.0012861,0.0012861,0.0012861,0.0012861,0.0012861,0.0012861,0.0012861,0.0012861,0.0012861
1,100,-1978.61,RV-disorder-A,A,0.199377,3.28e-05,3.28e-05,3.28e-05,3.28e-05,3.28e-05,3.28e-05,3.28e-05,3.28e-05,3.28e-05,3.28e-05,3.28e-05,3.28e-05,3.28e-05,3.28e-05,3.28e-05,3.28e-05,3.28e-05,3.28e-05,3.28e-05
1,100,-1978.61,RV-order-R,R,0.0012861,0.175564,0.0012861,0.0012861,0.0012861,0.0012861,0.0012861,0.0012861,0.0012861,0.0012861,0.0012861,0.0012861,0.0012861,0.0012861,0.0012861,0.0012861,0.0012861,0.0012861,0.0012861,0.0012861
1,100,-1978.61,RV-disorder-R,R,3.28e-05,0.199377,3.28e-05,3.28e-05,3.28e-05,3.28e-05,3.28e-05,3.28e-05,3.28e-05,3.28e-05,3.28e-05,3.28e-05,3.28e-05,3.28e-05,3.28e-05,3.28e-05,3.28e-05,3.28e-05,3.28e-05,3.28e-05
1,100,-1978.61,RV-order-N,N,0.0012861,0.0012861,0.175564,0.0012861,0.0012861,0.0012861,0.0012861,0.0012861,0.0012861,0.0012861,0.0012861,0.0012861,0.0012861,0.0012861,0.0012861,0.0012861,0.0012861,0.0012861,0.0012861,0.0012861
1,100,-1978.61,RV-disorder-N,N,3.28e-05,3.28e-05,0.199377,3.28e-05,3.28e-05,3.28e-05,3.28e-05,3.28e-05,3.28e-05,3.28e-05,3.28e-05,3.28e-05,3.28e-05,3.28e-05,3.28e-05,3.28e-05,3.28e-05,3.28e-05,3.28e-05,3.28e-05
1,100,-1978.61,RV-order-D,D,0.0012861,0.0012861,0.0012861,0.175564,0.0012861,0.0012861,0.0012861,0.0012861,0.0012861,0.0012861,0.0012861,0.0012861,0.0012861,0.0012861,0.0012861,0.0012861,0.0012861,0.0012861,0.0012861,0.0012861
1,100,-1978.61,RV-disorder-D,D,3.28e-05,3.28e-05,3.28e-05,0.199377,3.28e-05,3.28e-05,3.28e-05,3.28e-05,3.28e-05,3.28e-05,3.28e-05,3.28e-05,3.28e-05,3.28e-05,3.28e-05,3.28e-05,3.28e-05,3.28e-05,3.28e-05,3.28e-05
1,100,-1978.61,RV-order-C,C,0.0012861,0.0012861,0.0012861,0.0012861,0.175564,0.0012861,0.0012861,0.0012861,0.0012861,0.0012861,0.0012861,0.0012861,0.0012861,0.0012861,0.0012861,0.0012861,0.0012861,0.0012861,0.0012861,0.0012861
1,100,-1978.61,RV-disorder-C,C,3.28e-05,3.28e-05,3.28e-05,3.28e-05,0.199377,3.28e-05,3.28e-05,3.28e-05,3.28e-05,3.28e-05,3.28e-05,3.28e-05,3.28e-05,3.28e-05,3.28e-05,3.28e-05,3.28e-05,3.28e-05,3.28e-05,3.28e-05
1,100,-1978.61,RV-order-E,E,0.0012861,0.0012861,0.0012861,0.0012861,0.0012861,0.175564,0.0012861,0.0012861,0.0012861,0.0012861,0.0012861,0.0012861,0.0012861,0.0012861,0.0012861,0.0012861,0.0012861,0.0012861,0.0012861,0.0012861
1,100,-1978.61,RV-disorder-E,E,3.28e-05,3.28e-05,3.28e-05,3.28e-05,3.28e-05,0.199377,3.28e-05,3.28e-05,3.28e-05,3.28e-05,3.28e-05,3.28e-05,3.28e-05,3.28e-05,3.28e-05,3.28e-05,3.28e-05,3.28e-05,3.28e-05,3.28e-05
1,100,-1978.61,RV-order-Q,Q,0.0012861,0.0012861,0.0012861,0.0012861,0.0012861,0.0012861,0.175564,0.0012861,0.0012861,0.0012861,0.0012861,0.0012861,0.0012861,0.0012861,0.0012861,0.0012861,0.0012861,0.0012861,0.0012861,0.0012861
1,100,-1978.61,RV-disorder-Q,Q,3.28e-05,3.28e-05,3.28e-05,3.28e-05,3.28e-05,3.28e-05,0.199377,3.28e-05,3.28e-05,3.28e-05,3.28e-05,3.28e-05,3.28e-05,3.28e-05,3.28e-05,3.28e-05,3.28e-05,3.28e-05,3.28e-05,3.28e-05
1,100,-1978.61,RV-order-G,G,0.0012861,0.0012861,0.0012861,0.0012861,0.0012861,0.0012861,0.0012861,0.175564,0.0012861,0.0012861,0.0012861,0.0012861,0.0012861,0.0012861,0.0012861,0.0012861,0.0012861,0.0012861,0.0012861,0.0012861
1,100,-1978.61,RV-disorder-G,G,3.28e-05,3.28e-05,3.28e-05,3.28e-05,3.28e-05,3.28e-05,3.28e-05,0.199377,3.28e-05,3.28e-05,3.28e-05,3.28e-05,3.28e-05,3.28e-05,3.28e-05,3.28e-05,3.28e-05,3.28e-05,3.28e-05,3.28e-05
1,100,-1978.61,RV-order-H,H,0.0012861,0.0012861,0.0012861,0.0012861,0.0012861,0.0012861,0.0012861,0.0012861,0.175564,0.0012861,0.0012861,0.0012861,0.0012861,0.0012861,0.0012861,0.0012861,0.0012861,0.0012861,0.0012861,0.0012861
1,100,-1978.61,RV-disorder-H,H,3.28e-05,3.28e-05,3.28e-05,3.28e-05,3.28e-05,3.28e-05,3.28e-05,3.28e-05,0.199377,3.28e-05,3.28e-05,3.28e-05,3.28e-05,3.28e-05,3.28e-05,3.28e-05,3.28e-05,3.28e-05,3.28e-05,3.28e-05
1,100,-1978.61,RV-order-I,I,0.0012861,0.0012861,0.0012861,0.0012861,0.0012861,0.0012861,0.0012861,0.0012861,0.0012861,0.175564,0.0012861,0.0012861,0.0012861,0.0012861,0.0012861,0.0012861,0.0012861,0.0012861,0.0012861,0.0012861
1,100,-1978.61,RV-disorder-I,I,3.28e-05,3.28e-05,3.28e-05,3.28e-05,3.28e-05,3.28e-05,3.28e-05,3.28e-05,3.28e-05,0.199377,3.28e-05,3.28e-05,3.28e-05,3.28e-05,3.28e-05,3.28e-05,3.28e-05,3.28e-05,3.28e-05,3.28e-05
1,100,-1978.61,RV-order-L,L,0.0012861,0.0012861,0.0012861,0.0012861,0.0012861,0.0012861,0.0012861,0.0012861,0.0012861,0.0012861,0.175564,0.0012861,0.0012861,0.0012861,0.0012861,0.0012861,0.0012861,0.0012861,0.0012861,0.0012861
1,100,-1978.61,RV-disorder-L,L,3.28e-05,3.28e-05,3.28e-05,3.28e-05,3.28e-05,3.28e-05,3.28e-05,3.28e-05,3.28e-05,3.28e-05,0.199377,3.28e-05,3.28e-05,3.28e-05,3.28e-05,3.28e-05,3.28e-05,3.28e-05,3.28e-05,3.28e-05
1,100,-1978.61,RV-order-K,K,0.0012861,0.0012861,0.0012861,0.0012861,0.0012861,0.0012861,0.0012861,0.0012861,0.0012861,0.0012861,0.0012861,0.175564,0.0012861,0.0012861,0.0012861,0.0012861,0.0012861,0.0012861,0.0012861,0.0012861
1,100,-1978.61,RV-disorder-K,K,3.28e-05,3.28e-05,3.28e-05,3.28e-05,3.28e-05,3.28e-05,3.28e-05,3.28e-05,3.28e-05,3.28e-05,3.28e-05,0.199377,3.28e-05,3.28e-05,3.28e-05,3.28e-05,3.28e-05,3.28e-05,3.28e-05,3.28e-05
1,100,-1978.61,RV-order-M,M,0.0012861,0.0012861,0.0012861,0.0012861,0.0012861,0.0012861,0.0012861,0.0012861,0.0012861,0.0012861,0.0012861,0.0012861,0.175564,0.0012861,0.0012861,0.0012861,0.0012861,0.0012861,0.0012861,0.0012861
1,100,-1978.61,RV-disorder-M,M,3.28e-05,3.28e-05,3.28e-05,3.28e-05,3.28e-05,3.28e-05,3.28e-05,3.28e-05,3.28e-05,3.28e-05,3.28e-05,3.28e-05,0.199377,3.28e-05,3.28e-05,3.28e-05,3.28e-05,3.28e-05,3.28e-05,3.28e-05
1,100,-1978.61,RV-order-F,F,0.0012861,0.0012861,0.0012861,0.0012861,0.0012861,0.0012861,0.0012861,0.0012861,0.0012861,0.0012861,0.0012861,0.0012861,0.0012861,0.175564,0.0012861,0.0012861,0.0012861,0.0012861,0.0012861,0.0012861
1,100,-1978.61,RV-disorder-F,F,3.28e-05,3.28e-05,3.28e-05,3.28e-05,3.28e-05,3.28e-05,3.28e-05,3.28e-05,3.28e-05,3.28e-05,3.28e-05,3.28e-05,3.28e-05,0.199377,3.28e-05,3.28e-05,3.28e-05,3.28e-05,3.28e-05,3.28e-05
1,100,-1978.61,RV-order-P,P,0.0012861,0.0012861,0.0012861,0.0012861,0.0012861,0.0012861,0.0012861,0.0012861,0.0012861,0.0012861,0.0012861,0.0012861,0.0012861,0.0012861,0.175564,0.0012861,0.0012861,0.0012861,0.0012861,0.0012861
1,100,-1978.61,RV-disorder-P,P,3.28e-05,3.28e-05,3.28e-05,3.28e-05,3.28e-05,3.28e-05,3.28e-05,3.28e-05,3.28e-05,3.28e-05,3.28e-05,3.28e-05,3.28e-05,3.28e-05,0.199377,3.28e-05,3.28e-05,3.28e-05,3.28e-05,3.28e-05
1,100,-1978.61,RV-order-S,S,0.0012861,0.0012861,0.0012861,0.0012861,0.0012861,0.0012861,0.0012861,0.0012861,0.0012861,0.0012861,0.0012861,0.0012861,0.0012861,0.0012861,0.0012861,0.175564,0.0012861,0.0012861,0.0012861,0.0012861
1,100,-1978.61,RV-disorder-S,S,3.28e-05,3.28e-05,3.28e-05,3.28e-05,3.28e-05,3.28e-05,3.28e-05,3.28e-05,3.28e-05,3.28e-05,3.28e-05,3.28e-05,3.28e-05,3.28e-05,3.28e-05,0.199377,3.28e-05,3.28e-05,3.28e-05,3.28e-05
1,100,-1978.61,RV-order-T,T,0.0012861,0.0012861,0.0012861,0.0012861,0.0012861,0.0012861,0.0012861,0.0012861,0.0012861,0.0012861,0.0012861,0.0012861,0.0012861,0.0012861,0.0012861,0.0012861,0.175564,0.0012861,0.0012861,0.0012861
1,100,-1978.61,RV-disorder-T,T,3.28e-05,3.28e-05,3.28e-05,3.28e-05,3.28e-05,3.28e-05,3.28e-05,3.28e-05,3.28e-05,3.28e-05,3.28e-05,3.28e-05,3.28e-05,3.28e-05,3.28e-05,3.28e-05,0.199377,3.28e-05,3.28e-05,3.28e-05
1,100,-1978.61,RV-order-W,W,0.0012861,0.0012861,0.0012861,0.0012861,0.0012861,0.0012861,0.0012861,0.0012861,0.0012861,0.0012861,0.0012861,0.0012861,0.0012861,0.0012861,0.0012861,0.0012861,0.0012861,0.175564,0.0012861,0.0012861
1,100,-1978.61,RV-disorder-W,W,3.28e-05,3.28e-05,3.28e-05,3.28e-05,3.28e-05,3.28e-05,3.28e-05,3.28e-05,3.28e-05,3.28e-05,3.28e-05,3.28e-05,3.28e-05,3.28e-05,3.28e-05,3.28e-05,3.28e-05,0.199377,3.28e-05,3.28e-05
1,100,-1978.61,RV-order-Y,Y,0.0012861,0.0012861,0.0012861,0.0012861,0.0012861,0.0012861,0.0012861,0.0012861,0.0012861,0.0012861,0.0012861,0.0012861,0.0012861,0.0012861,0.0012861,0.0012861,0.0012861,0.0012861,0.175564,0.0012861
1,100,-1978.61,RV-disorder-Y,Y,3.28e-05,3.28e-05,3.28e-05,3.28e-05,3.28e-05,3.28e-05,3.28e-05,3.28e-05,3.28e-05,3.28e-05,3.28e-05,3.28e-05,3.28e-05,3.28e-05,3.28e-05,3.28e-05,3.28e-05,3.28e-05,0.199377,3.28e-05
1,100,-1978.61,RV-order-V,V,0.0012861,0.0012861,0.0012861,0.0012861,0.0012861,0.0012861,0.0012861,0.0012861,0.0012861,0.0012861,0.0012861,0.0012861,0.0012861,0.0012861,0.0012861,0.0012861,0.0012861,0.0012861,0.0012861,0.175564
1,100,-1978.61,RV-disorder-V,V,3.28e-05,3.28e-05,3.28e-05,3.28e-05,3.28e-05,3.28e-05,3.28e-05,3.28e-05,3.28e-05,3.28e-05,3.28e-05,3.28e-05,3.28e-05,3.28e-05,3.28e-05,3.28e-05,3.28e-05,3.28e-05,3.28e-05,0.199377
1,100,-1978.61,RV-O,O,0.19999,9.7e-06
1,100,-1978.61,RV-D,D,9.7e-06,0.19999
2,200,-1967.09,RV-order-A,A,0.170812,0.0015362,0.0015362,0.0015362,0.0015362,0.0015362,0.0015362,0.0015362,0.0015362,0.0015362,0.0015362,0.0015362,0.0015362,0.0015362,0.0015362,0.0015362,0.0015362,0.0015362,0.0015362,0.0015362
2,200,-1967.09,RV-disorder-A,A,0.199578,2.22e-05,2.22e-05,2.22e-05,2.22e-05,2.22e-05,2.22e-05,2.22e-05,2.22e-05,2.22e-05,2.22e-05,2.22e-05,2.22e-05,2.22e-05,2.22e-05,2.22e-05,2.22e-05,2.22e-05,2.22e-05,2.22e-05
2,200,-1967.09,RV-order-R,R,0.0015362,0.170812,0.0015362,0.0015362,0.0015362,0.0015362,0.0015362,0.0015362,0.0015362,0.0015362,0.0015362,0.0015362,0.0015362,0.0015362,0.0015362,0.0015362,0.0015362,0.0015362,0.0015362,0.0015362
2,200,-1967.09,RV-disorder-R,R,2.22e-05,0.199578,2.22e-05,2.22e-05,2.22e-05,2.22e-05,2.22e-05,2.22e-05,2.22e-05,2.22e-05,2.22e-05,2.22e-05,2.22e-05,2.22e-05,2.22e-05,2.22e-05,2.22e-05,2.22e-05,2.22e-05,2.22e-05
2,200,-1967.09,RV-order-N,N,0.0015362,0.0015362,0.170812,0.0015362,0.0015362,0.0015362,0.0015362,0.0015362,0.0015362,0.0015362,0.0015362,0.0015362,0.0015362,0.0015362,0.0015362,0.0015362,0.0015362,0.0015362,0.0015362,0.0015362
2,200,-1967.09,RV-disorder-N,N,2.22e-05,2.22e-05,0.199578,2.22e-05,2.22e-05,2.22e-05,2.22e-05,2.22e-05,2.22e-05,2.22e-05,2.22e-05,2.22e-05,2.22e-05,2.22e-05,2.22e-05,2.22e-05,2.22e-05,2.22e-05,2.22e-05,2.22e-05
2,200,-1967.09,RV-order-D,D,0.0015362,0.0015362,0.0015362,0.170812,0.0015362,0.0015362,0.0015362,0.0015362,0.0015362,0.0015362,0.0015362,0.0015362,0.0015362,0.0015362,0.0015362,0.0015362,0.0015362,0.0015362,0.0015362,0.0015362
2,200,-1967.09,RV-disorder-D,D,2.22e-05,2.22e-05,2.22e-05,0.199578,2.22e-05,2.22e-05,2.22e-05,2.22e-05,2.22e-05,2.22e-05,2.22e-05,2.22e-05,2.22e-05,2.22e-05,2.22e-05,2.22e-05,2.22e-05,2.22e-05,2.22e-05,2.22e-05
2,200,-1967.09,RV-order-C,C,0.0015362,0.0015362,0.0015362,0.0015362,0.170812,0.0015362,0.0015362,0.0015362,0.0015362,0.0015362,0.0015362,0.0015362,0.0015362,0.0015362,0.0015362,0.0015362,0.0015362,0.0015362,0.0015362,0.0015362
2,200,-1967.09,RV-disorder-C,C,2.22e-05,2.22e-05,2.22e-05,2.22e-05,0.199578,2.22e-05,2.22e-05,2.22e-05,2.22e-05,2.22e-05,2.22e-05,2.22e-05,2.22e-05,2.22e-05,2.22e-05,2.22e-05,2.22e-05,2.22e-05,2.22e-05,2.22e-05
2,200,-1967.09,RV-order-E,E,0.0015362,0.0015362,0.0015362,0.0015362,0.0015362,0.170812,0.0015362,0.0015362,0.0015362,0.0015362,0.0015362,0.0015362,0.0015362,0.0015362,0.0015362,0.0015362,0.0015362,0.0015362,0.0015362,0.0015362
2,200,-1967.09,RV-disorder-E,E,2.22e-05,2.22e-05,2.22e-05,2.22e-05,2.22e-05,0.199578,2.22e-05,2.22e-05,2.22e-05,2.22e-05,2.22e-05,2.22e-05,2.22e-05,2.22e-05,2.22e-05,2.22e-05,2.22e-05,2.22e-05,2.22e-05,2.22e-05
2,200,-1967.09,RV-order-Q,Q,0.0015362,0.0015362,0.0015362,0.0015362,0.0015362,0.0015362,0.170812,0.0015362,0.0015362,0.0015362,0.0015362,0.0015362,0.0015362,0.0015362,0.0015362,0.0015362,0.0015362,0.0015362,0.0015362,0.0015362
2,200,-1967.09,RV-disorder-Q,Q,2.22e-05,2.22e-05,2.22e-05,2.22e-05,2.22e-05,2.22e-05,0.199578,2.22e-05,2.22e-05,2.22e-05,2.22e-05,2.22e-05,2.22e-05,2.22e-05,2.22e-05,2.22e-05,2.22e-05,2.22e-05,2.22e-05,2.22e-05
2,200,-1967.09,RV-order-G,G,0.0015362,0.0015362,0.0015362,0.0015362,0.0015362,0.0015362,0.0015362,0.170812,0.0015362,0.0015362,0.0015362,0.0015362,0.0015362,0.0015362,0.0015362,0.0015362,0.0015362,0.0015362,0.0015362,0.0015362
2,200,-1967.09,RV-disorder-G,G,2.22e-05,2.22e-05,2.22e-05,2.22e-05,2.22e-05,2.22e-05,2.22e-05,0.199578,2.22e-05,2.22e-05,2.22e-05,2.22e-05,2.22e-05,2.22e-05,2.22e-05,2.22e-05,2.22e-05,2.22e-05,2.22e-05,2.22e-05
2,200,-1967.09,RV-order-H,H,0.0015362,0.0015362,0.0015362,0.0015362,0.0015362,0.0015362,0.0015362,0.0015362,0.170812,0.0015362,0.0015362,0.0015362,0.0015362,0.0015362,0.0015362,0.0015362,0.0015362,0.0015362,0.0015362,0.0015362
2,200,-1967.09,RV-disorder-H,H,2.22e-05,2.22e-05,2.22e-05,2.22e-05,2.22e-05,2.22e-05,2.22e-05,2.22e-05,0.199578,2.22e-05,2.22e-05,2.22e-05,2.22e-05,2.22e-05,2.22e-05,2.22e-05,2.22e-05,2.22e-05,2.22e-05,2.22e-05
2,200,-1967.09,RV-order-I,I,0.0015362,0.0015362,0.0015362,0.0015362,0.0015362,0.0015362,0.0015362,0.0015362,0.0015362,0.170812,0.0015362,0.0015362,0.0015362,0.0015362,0.0015362,0.0015362,0.0015362,0.0015362,0.0015362,0.0015362
2,200,-1967.09,RV-disorder-I,I,2.22e-05,2.22e-05,2.22e-05,2.22e-05,2.22e-05,2.22e-05,2.22e-05,2.22e-05,2.22e-05,0.199578,2.22e-05,2.22e-05,2.22e-05,2.22e-05,2.22e-05,2.22e-05,2.22e-05,2.22e-05,2.22e-05,2.22e-05
2,200,-1967.09,RV-order-L,L,0.0015362,0.0015362,0.0015362,0.0015362,0.0015362,0.0015362,0.0015362,0.0015362,0.0015362,0.0015362,0.170812,0.0015362,0.0015362,0.0015362,0.0015362,0.0015362,0.0015362,0.0015362,0.0015362,0.0015362
2,200,-1967.09,RV-disorder-L,L,2.22e-05,2.22e-05,2.22e-05,2.22e-05,2.22e-05,2.22e-05,2.22e-05,2.22e-05,2.22e-05,2.22e-05,0.199578,2.22e-05,2.22e-05,2.22e-05,2.22e-05,2.22e-05,2.22e-05,2.22e-05,2.22e-05,2.22e-05
2,200,-1967.09,RV-order-K,K,0.0015362,0.0015362,0.0015362,0.0015362,0.0015362,0.0015362,0.0015362,0.0015362,0.0015362,0.0015362,0.0015362,0.170812,0.0015362,0.0015362,0.0015362,0.0015362,0.0015362,0.0015362,0.0015362,0.0015362
2,200,-1967.09,RV-disorder-K,K,2.22e-05,2.22e-05,2.22e-05,2.22e-05,2.22e-05,2.22e-05,2.22e-05,2.22e-05,2.22e-05,2.22e-05,2.22e-05,0.199578,2.22e-05,2.22e-05,2.22e-05,2.22e-05,2.22e-05,2.22e-05,2.22e-05,2.22e-05
2,200,-1967.09,RV-order-M,M,0.0015362,0.0015362,0.0015362,0.0015362,0.0015362,0.0015362,0.0015362,0.0015362,0.0015362,0.0015362,0.0015362,0.0015362,0.170812,0.0015362,0.0015362,0.0015362,0.0015362,0.0015362,0.0015362,0.0015362
2,200,-1967.09,RV-disorder-M,M,2.22e-05,2.22e-05,2.22e-05,2.22e-05,2.22e-05,2.22e-05,2.22e-05,2.22e-05,2.22e-05,2.22e-05,2.22e-05,2.22e-05,0.199578,2.22e-05,2.22e-05,2.22e-05,2.22e-05,2.22e-05,2.22e-05,2.22e-05
2,200,-1967.09,RV-order-F,F,0.0015362,0.0015362,0.0015362,0.0015362,0.0015362,0.0015362,0.0015362,0.0015362,0.0015362,0.0015362,0.0015362,0.0015362,0.0015362,0.170812,0.0015362,0.0015362,0.0015362,0.0015362,0.0015362,0.0015362
2,200,-1967.09,RV-disorder-F,F,2.22e-05,2.22e-05,2.22e-05,2.22e-05,2.22e-05,2.22e-05,2.22e-05,2.22e-05,2.22e-05,2.22e-05,2.22e-05,2.22e-05,2.22e-05,0.199578,2.22e-05,2.22e-05,2.22e-05,2.22e-05,2.22e-05,2.22e-05
2,200,-1967.09,RV-order-P,P,0.0015362,0.0015362,0.0015362,0.0015362,0.0015362,0.0015362,0.0015362,0.0015362,0.0015362,0.0015362,0.0015362,0.0015362,0.0015362,0.0015362,0.170812,0.0015362,0.0015362,0.0015362,0.0015362,0.0015362
2,200,-1967.09,RV-disorder-P,P,2.22e-05,2.22e-05,2.22e-05,2.22e-05,2.22e-05,2.22e-05,2.22e-05,2.22e-05,2.22e-05,2.22e-05,2.22e-05,2.22e-05,2.22e-05,2.22e-05,0.199578,2.22e-05,2.22e-05,2.22e-05,2.22e-05,2.22e-05
2,200,-1967.09,RV-order-S,S,0.0015362,0.0015362,0.0015362,0.0015362,0.0015362,0.0015362,0.0015362,0.0015362,0.0015362,0.0015362,0.0015362,0.0015362,0.0015362,0.0015362,0.0015362,0.170812,0.0015362,0.0015362,0.0015362,0.0015362
2,200,-1967.09,RV-disorder-S,S,2.22e-05,2.22e-05,2.22e-05,2.22e-05,2.22e-05,2.22e-05,2.22e-05,2.22e-05,2.22e-05,2.22e-05,2.22e-05,2.22e-05,2.22e-05,2.22e-05,2.22e-05,0.199578,2.22e-05,2.22e-05,2.22e-05,2.22e-05
2,200,-1967.09,RV-order-T,T,0.0015362,0.0015362,0.0015362,0.0015362,0.0015362,0.0015362,0.0015362,0.0015362,0.0015362,0.0015362,0.0015362,0.0015362,0.0015362,0.0015362,0.0015362,0.0015362,0.170812,0.0015362,0.0015362,0.0015362
2,200,-1967.09,RV-disorder-T,T,2.22e-05,2.22e-05,2.22e-05,2.22e-05,2.22e-05,2.22e-05,2.22e-05,2.22e-05,2.22e-05,2.22e-05,2.22e-05,2.22e-05,2.22e-05,2.22e-05,2.22e-05,2.22e-05,0.199578,2.22e-05,2.22e-05,2.22e-05
2,200,-1967.09,RV-order-W,W,0.0015362,0.0015362,0.0015362,0.0015362,0.0015362,0.0015362,0.0015362,0.0015362,0.0015362,0.0015362,0.0015362,0.0015362,0.0015362,0.0015362,0.0015362,0.0015362,0.0015362,0.170812,0.0015362,0.0015362
2,200,-1967.09,RV-disorder-W,W,2.22e-05,2.22e-05,2.22e-05,2.22e-05,2.22e-05,2.22e-05,2.22e-05,2.22e-05,2.22e-05,2.22e-05,2.22e-05,2.22e-05,2.22e-05,2.22e-05,2.22e-05,2.22e-05,2.22e-05,0.199578,2.22e-05,2.22e-05
2,200,-1967.09,RV-order-Y,Y,0.0015362,0.0015362,0.0015362,0.0015362,0.0015362,0.0015362,0.0015362,0.0015362,0.0015362,0.0015362,0.0015362,0.0015362,0.0015362,0.0015362,0.0015362,0.0015362,0.0015362,0.0015362,0.170812,0.0015362
2,200,-1967.09,RV-disorder-Y,Y,2.22e-05,2.22e-05,2.22e-05,2.22e-05,2.22e-05,2.22e-05,2.22e-05,2.22e-05,2.22e-05,2.22e-05,2.22e-05,2.22e-05,2.22e-05,2.22e-05,2.22e-05,2.22e-05,2.22e-05,2.22e-05,0.199578,2.22e-05
2,200,-1967.09,RV-order-V,V,0.0015362,0.0015362,0.0015362,0.0015362,0.0015362,0.0015362,0.0015362,0.0015362,0.0015362,0.0015362,0.0015362,0.0015362,0.0015362,0.0015362,0.0015362,0.0015362,0.0015362,0.0015362,0.0015362,0.170812
2,200,-1967.09,RV-disorder-V,V,2.22e-05,2.22e-05,2.22e-05,2.22e-05,2.22e-05,2.22e-05,2.22e-05,2.22e-05,2.22e-05,2.22e-05,2.22e-05,2.22e-05,2.22e-05,2.22e-05,2.22e-05,2.22e-05,2.22e-05,2.22e-05,2.22e-05,0.199578
2,200,-1967.09,RV-O,O,0.196504,0.0034961
2,200,-1967.09,RV-D,D,0.0034961,0.196504
3,300,-1971.46,RV-order-A,A,0.17405,0.0013658,0.0013658,0.0013658,0.0013658,0.0013658,0.0013658,0.0013658,0.0013658,0.0013658,0.0013658,0.0013658,0.0013658,0.0013658,0.0013658,0.0013658,0.0013658,0.0013658,0.0013658,0.0013658
3,300,-1971.46,RV-disorder-A,A,0.199724,1.45e-05,1.45e-05,1.45e-05,1.45e-05,1.45e-05,1.45e-05,1.45e-05,1.45e-05,1.45e-05,1.45e-05,1.45e-05,1.45e-05,1.45e-05,1.45e-05,1.45e-05,1.45e-05,1.45e-05,1.45e-05,1.45e-05
3,300,-1971.46,RV-order-R,R,0.0013658,0.17405,0.0013658,0.0013658,0.0013658,0.0013658,0.0013658,0.0013658,0.0013658,0.0013658,0.0013658,0.0013658,0.0013658,0.0013658,0.0013658,0.0013658,0.0013658,0.0013658,0.0013658,0.0013658
3,300,-1971.46,RV-disorder-R,R,1.45e-05,0.199724,1.45e-05,1.45e-05,1.45e-05,1.45e-05,1.45e-05,1.45e-05,1.45e-05,1.45e-05,1.45e-05,1.45e-05,1.45e-05,1.45e-05,1.45e-05,1.45e-05,1.45e-05,1.45e-05,1.45e-05,1.45e-05
3,300,-1971.46,RV-order-N,N,0.0013658,0.0013658,0.17405,0.0013658,0.0013658,0.0013658,0.0013658,0.0013658,0.0013658,0.0013658,0.0013658,0.0013658,0.0013658,0.0013658,0.0013658,0.0013658,0.0013658,0.0013658,0.0013658,0.0013658
3,300,-1971.46,RV-disorder-N,N,1.45e-05,1.45e-05,0.199724,1.45e-05,1.45e-05,1.45e-05,1.45e-05,1.45e-05,1.45e-05,1.45e-05,1.45e-05,1.45e-05,1.45e-05,1.45e-05,1.45e-05,1.45e-05,1.45e-05,1.45e-05,1.45e-05,1.45e-05
3,300,-1971.46,RV-order-D,D,0.0013658,0.0013658,0.0013658,0.17405,0.0013658,0.0013658,0.0013658,0.0013658,0.0013658,0.0013658,0.0013658,0.0013658,0.0013658,0.0013658,0.0013658,0.0013658,0.0013658,0.0013658,0.0013658,0.0013658
3,300,-1971.46,RV-disorder-D,D,1.45e-05,1.45e-05,1.45e-05,0.199724,1.45e-05,1.45e-05,1.45e-05,1.45e-05,1.45e-05,1.45e-05,1.45e-05,1.45e-05,1.45e-05,1.45e-05,1.45e-05,1.45e-05,1.45e-05,1.45e-05,1.45e-05,1.45e-05
3,300,-1971.46,RV-order-C,C,0.0013658,0.0013658,0.0013658,0.0013658,0.17405,0.0013658,0.0013658,0.0013658,0.0013658,0.0013658,0.0013658,0.0013658,0.0013658,0.0013658,0.0013658,0.0013658,0.0013658,0.0013658,0.0013658,0.0013658
3,300,-1971.46,RV-disorder-C,C,1.45e-05,1.45e-05,1.45e-05,1.45e-05,0.199724,1.45e-05,1.45e-05,1.45e-05,1.45e-05,1.45e-05,1.45e-05,1.45e-05,1.45e-05,1.45e-05,1.45e-05,1.45e-05,1.45e-05,1.45e-05,1.45e-05,1.45e-05
3,300,-1971.46,RV-order-E,E,0.0013658,0.0013658,0.0013658,0.0013658,0.0013658,0.17405,0.0013658,0.0013658,0.0013658,0.0013658,0.0013658,0.0013658,0.0013658,0.0013658,0.0013658,0.0013658,0.0013658,0.0013658,0.0013658,0.0013658
3,300,-1971.46,RV-disorder-E,E,1.45e-05,1.45e-05,1.45e-05,1.45e-05,1.45e-05,0.199724,1.45e-05,1.45e-05,1.45e-05,1.45e-05,1.45e-05,1.45e-05,1.45e-05,1.45e-05,1.45e-05,1.45e-05,1.45e-05,1.45e-05,1.45e-05,1.45e-05
3,300,-1971.46,RV-order-Q,Q,0.0013658,0.0013658,0.0013658,0.0013658,0.0013658,0.0013658,0.17405,0.0013658,0.0013658,0.0013658,0.0013658,0.0013658,0.0013658,0.0013658,0.0013658,0.0013658,0.0013658,0.0013658,0.0013658,0.0013658
3,300,-1971.46,RV-disorder-Q,Q,1.45e-05,1.45e-05,1.45e-05,1.45e-05,1.45e-05,1.45e-05,0.199724,1.45e-05,1.45e-05,1.45e-05,1.45e-05,1.45e-05,1.45e-05,1.45e-05,1.45e-05,1.45e-05,1.45e-05,1.45e-05,1.45e-05,1.45e-05
3,300,-1971.46,RV-order-G,G,0.0013658,0.0013658,0.0013658,0.0013658,0.0013658,0.0013658,0.0013658,0.17405,0.0013658,0.0013658,0.0013658,0.0013658,0.0013658,0.0013658,0.0013658,0.0013658,0.0013658,0.0013658,0.0013658,0.0013658
3,300,-1971.46,RV-disorder-G,G,1.45e-05,1.45e-05,1.45e-05,1.45e-05,1.45e-05,1.45e-05,1.45e-05,0.199724,1.45e-05,1.45e-05,1.45e-05,1.45e-05,1.45e-05,1.45e-05,1.45e-05,1.45e-05,1.45e-05,1.45e-05,1.45e-05,1.45e-05
3,300,-1971.46,RV-order-H,H,0.0013658,0.0013658,0.0013658,0.0013658,0.0013658,0.0013658,0.0013658,0.0013658,0.17405,0.0013658,0.0013658,0.0013658,0.0013658,0.0013658,0.0013658,0.0013658,0.0013658,0.0013658,0.0013658,0.0013658
3,300,-1971.46,RV-disorder-H,H,1.45e-05,1.45e-05,1.45e-05,1.45e-05,1.45e-05,1.45e-05,1.45e-05,1.45e-05,0.199724,1.45e-05,1.45e-05,1.45e-05,1.45e-05,1.45e-05,1.45e-05,1.45e-05,1.45e-05,1.45e-05,1.45e-05,1.45e-05
3,300,-1971.46,RV-order-I,I,0.0013658,0.0013658,0.0013658,0.0013658,0.0013658,0.0013658,0.0013658,0.0013658,0.0013658,0.17405,0.0013658,0.0013658,0.0013658,0.0013658,0.0013658,0.0013658,0.0013658,0.0013658,0.0013658,0.0013658
3,300,-1971.46,RV-disorder-I,I,1.45e-05,1.45e-05,1.45e-05,1.45e-05,1.45e-05,1.45e-05,1.45e-05,1.45e-05,1.45e-05,0.199724,1.45e-05,1.45e-05,1.45e-05,1.45e-05,1.45e-05,1.45e-05,1.45e-05,1.45e-05,1.45e-05,1.45e-05
3,300,-1971.46,RV-order-L,L,0.0013658,0.0013658,0.0013658,0.0013658,0.0013658,0.0013658,0.0013658,0.0013658,0.0013658,0.0013658,0.17405,0.0013658,0.0013658,0.0013658,0.0013658,0.0013658,0.0013658,0.0013658,0.0013658,0.0013658
3,300,-1971.46,RV-disorder-L,L,1.45e-05,1.45e-05,1.45e-05,1.45e-05,1.45e-05,1.45e-05,1.45e-05,1.45e-05,1.45e-05,1.45e-05,0.199724,1.45e-05,1.45e-05,1.45e-05,1.45e-05,1.45e-05,1.45e-05,1.45e-05,1.45e-05,1.45e-05
3,300,-1971.46,RV-order-K,K,0.0013658,0.0013658,0.0013658,0.0013658,0.0013658,0.0013658,0.0013658,0.0013658,0.0013658,0.0013658,0.0013658,0.17405,0.0013658,0.0013658,0.0013658,0.0013658,0.0013658,0.0013658,0.0013658,0.0013658
3,300,-1971.46,RV-disorder-K,K,1.45e-05,1.45e-05,1.45e-05,1.45e-05,1.45e-05,1.45e-05,1.45e-05,1.45e-05,1.45e-05,1.45e-05,1.45e-05,0.199724,1.45e-05,1.45e-05,1.45e-05,1.45e-05,1.45e-05,1.45e-05,1.45e-05,1.45e-05
3,300,-1971.46,RV-order-M,M,0.0013658,0.0013658,0.0013658,0.0013658,0.0013658,0.0013658,0.0013658,0.0013658,0.0013658,0.0013658,0.0013658,0.0013658,0.17405,0.0013658,0.0013658,0.0013658,0.0013658,0.0013658,0.0013658,0.0013658
3,300,-1971.46,RV-disorder-M,M,1.45e-05,1.45e-05,1.45e-05,1.45e-05,1.45e-05,1.45e-05,1.45e-05,1.45e-05,1.45e-05,1.45e-05,1.45e-05,1.45e-05,0.199724,1.45e-05,1.45e-05,1.45e-05,1.45e-05,1.45e-05,1.45e-05,1.45e-05
3,300,-1971.46,RV-order-F,F,0.0013658,0.0013658,0.0013658,0.0013658,0.0013658,0.0013658,0.0013658,0.0013658,0.0013658,0.0013658,0.0013658,0.0013658,0.0013658,0.17405,0.0013658,0.0013658,0.0013658,0.0013658,0.0013658,0.0013658
3,300,-1971.46,RV-disorder-F,F,1.45e-05,1.45e-05,1.45e-05,1.45e-05,1.45e-05,1.45e-05,1.45e-05,1.45e-05,1.45e-05,1.45e-05,1.45e-05,1.45e-05,1.45e-05,0.199724,1.45e-05,1.45e-05,1.45e-05,1.45e-05,1.45e-05,1.45e-05
3,300,-1971.46,RV-order-P,P,0.0013658,0.0013658,0.0013658,0.0013658,0.0013658,0.0013658,0.0013658,0.0013658,0.0013658,0.0013658,0.0013658,0.0013658,0.0013658,0.0013658,0.17405,0.0013658,0.0013658,0.0013658,0.0013658,0.0013658
3,300,-1971.46,RV-disorder-P,P,1.45e-05,1.45e-05,1.45e-05,1.45e-05,1.45e-05,1.45e-05,1.45e-05,1.45e-05,1.45e-05,1.45e-05,1.45e-05,1.45e-05,1.45e-05,1.45e-05,0.199724,1.45e-05,1.45e-05,1.45e-05,1.45e-05,1.45e-05
3,300,-1971.46,RV-order-S,S,0.0013658,0.0013658,0.0013658,0.0013658,0.0013658,0.0013658,0.0013658,0.0013658,0.0013658,0.0013658,0.0013658,0.0013658,0.0013658,0.0013658,0.0013658,0.17405,0.0013658,0.0013658,0.0013658,0.0013658
3,300,-1971.46,RV-disorder-S,S,1.45e-05,1.45e-05,1.45e-05,1.45e-05,1.45e-05,1.45e-05,1.45e-05,1.45e-05,1.45e-05,1.45e-05,1.45e-05,1.45e-05,1.45e-05,1.45e-05,1.45e-05,0.199724,1.45e-05,1.45e-05,1.45e-05,1.45e-05
3,300,-1971.46,RV-order-T,T,0.0013658,0.0013658,0.0013658,0.0013658,0.0013658,0.0013658,0.0013658,0.0013658,0.0013658,0.0013658,0.0013658,0.0013658,0.0013658,0.0013658,0.0013658,0.0013658,0.17405,0.0013658,0.0013658,0.0013658
3,300,-1971.46,RV-disorder-T,T,1.45e-05,1.45e-05,1.45e-05,1.45e-05,1.45e-05,1.45e-05,1.45e-05,1.45e-05,1.45e-05,1.45e-05,1.45e-05,1.45e-05,1.45e-05,1.45e-05,1.45e-05,1.45e-05,0.199724,1.45e-05,1.45e-05,1.45e-05
3,300,-1971.46,RV-order-W,W,0.0013658,0.0013658,0.0013658,0.0013658,0.0013658,0.0013658,0.0013658,0.0013658,0.0013658,0.0013658,0.0013658,0.0013658,0.0013658,0.0013658,0.0013658,0.0013658,0.0013658,0.17405,0.0013658,0.0013658
3,300,-1971.46,RV-disorder-W,W,1.45e-05,1.45e-05,1.45e-05,1.45e-05,1.45e-05,1.45e-05,1.45e-05,1.45e-05,1.45e-05,1.45e-05,1.45e-05,1.45e-05,1.45e-05,1.45e-05,1.45e-05,1.45e-05,1.45e-05,0.199724,1.45e-05,1.45e-05
3,300,-1971.46,RV-order-Y,Y,0.0013658,0.0013658,0.0013658,0.0013658,0.0013658,0.0013658,0.0013658,0.0013658,0.0013658,0.0013658,0.0013658,0.0013658,0.0013658,0.0013658,0.0013658,0.0013658,0.0013658,0.0013658,0.17405,0.0013658
3,300,-1971.46,RV-disorder-Y,Y,1.45e-05,1.45e-05,1.45e-05,1.45e-05,1.45e-05,1.45e-05,1.45e-05,1.45e-05,1.45e-05,1.45e-05,1.45e-05,1.45e-05,1.45e-05,1.45e-05,1.45e-05,1.45e-05,1.45e-05,1.45e-05,0.199724,1.45e-05
3,300,-1971.46,RV-order-V,V,0.0013658,0.0013658,0.0013658,0.0013658,0.0013658,0.0013658,0.0013658,0.0013658,0.0013658,0.0013658,0.0013658,0.0013658,0.0013658,0.0013658,0.0013658,0.0013658,0.0013658,0.0013658,0.0013658,0.17405
3,300,-1971.46,RV-disorder-V,V,1.45e-05,1.45e-05,1.45e-05,1.45e-05,1.45e-05,1.45e-05,1.45e-05,1.45e-05,1.45e-05,1.45e-05,1.45e-05,1.45e-05,1.45e-05,1.45e-05,1.45e-05,1.45e-05,1.45e-05,1.45e-05,1.45e-05,0.199724
3,300,-1971.46,RV-O,O,0.194826,0.0051741
3,300,-1971.46,RV-D,D,0.0051741,0.194826
4,400,-1977.5,RV-order-A,A,0.168926,0.0016355,0.0016355,0.0016355,0.0016355,0.0016355,0.0016355,0.0016355,0.0016355,0.0016355,0.0016355,0.0016355,0.0016355,0.0016355,0.0016355,0.0016355,0.0016355,0.0016355,0.0016355,0.0016355
4,400,-1977.5,RV-disorder-A,A,0.199601,2.1e-05,2.1e-05,2.1e-05,2.1e-05,2.1e-05,2.1e-05,2.1e-05,2.1e-05,2.1e-05,2.1e-05,2.1e-05,2.1e-05,2.1e-05,2.1e-05,2.1e-05,2.1e-05,2.1e-05,2.1e-05,2.1e-05
4,400,-1977.5,RV-order-R,R,0.0016355,0.168926,0.0016355,0.0016355,0.0016355,0.0016355,0.0016355,0.0016355,0.0016355,0.0016355,0.0016355,0.0016355,0.0016355,0.0016355,0.0016355,0.0016355,0.0016355,0.0016355,0.0016355,0.0016355
4,400,-1977.5,RV-disorder-R,R,2.1e-05,0.199601,2.1e-05,2.1e-05,2.1e-05,2.1e-05,2.1e-05,2.1e-05,2.1e-05,2.1e-05,2.1e-05,2.1e-05,2.1e-05,2.1e-05,2.1e-05,2.1e-05,2.1e-05,2.1e-05,2.1e-05,2.1e-05
4,400,-1977.5,RV-order-N,N,0.0016355,0.0016355,0.168926,0.0016355,0.0016355,0.0016355,0.0016355,0.0016355,0.0016355,0.0016355,0.0016355,0.0016355,0.0016355,0.0016355,0.0016355,0.0016355,0.0016355,0.0016355,0.0016355,0.0016355
4,400,-1977.5,RV-disorder-N,N,2.1e-05,2.1e-05,0.199601,2.1e-05,2.1e-05,2.1e-05,2.1e-05,2.1e-05,2.1e-05,2.1e-05,2.1e-05,2.1e-05,2.1e-05,2.1e-05,2.1e-05,2.1e-05,2.1e-05,2.1e-05,2.1e-05,2.1e-05
4,400,-1977.5,RV-order-D,D,0.0016355,0.0016355,0.0016355,0.168926,0.0016355,0.0016355,0.0016355,0.0016355,0.0016355,0.0016355,0.0016355,0.0016355,0.0016355,0.0016355,0.0016355,0.0016355,0.0016355,0.0016355,0.0016355,0.0016355
4,400,-1977.5,RV-disorder-D,D,2.1e-05,2.1e-05,2.1e-05,0.199601,2.1e-05,2.1e-05,2.1e-05,2.1e-05,2.1e-05,2.1e-05,2.1e-05,2.1e-05,2.1e-05,2.1e-05,2.1e-05,2.1e-05,2.1e-05,2.1e-05,2.1e-05,2.1e-05
4,400,-1977.5,RV-order-C,C,0.0016355,0.0016355,0.0016355,0.0016355,0.168926,0.0016355,0.0016355,0.0016355,0.0016355,0.0016355,0.0016355,0.0016355,0.0016355,0.0016355,0.0016355,0.0016355,0.0016355,0.0016355,0.0016355,0.0016355
4,400,-1977.5,RV-disorder-C,C,2.1e-05,2.1e-05,2.1e-05,2.1e-05,0.199601,2.1e-05,2.1e-05,2.1e-05,2.1e-05,2.1e-05,2.1e-05,2.1e-05,2.1e-05,2.1e-05,2.1e-05,2.1e-05,2.1e-05,2.1e-05,2.1e-05,2.1e-05
4,400,-1977.5,RV-order-E,E,0.0016355,0.0016355,0.0016355,0.0016355,0.0016355,0.168926,0.0016355,0.0016355,0.0016355,0.0016355,0.0016355,0.0016355,0.0016355,0.0016355,0.0016355,0.0016355,0.0016355,0.0016355,0.0016355,0.0016355
4,400,-1977.5,RV-disorder-E,E,2.1e-05,2.1e-05,2.1e-05,2.1e-05,2.1e-05,0.199601,2.1e-05,2.1e-05,2.1e-05,2.1e-05,2.1e-05,2.1e-05,2.1e-05,2.1e-05,2.1e-05,2.1e-05,2.1e-05,2.1e-05,2.1e-05,2.1e-05
4,400,-1977.5,RV-order-Q,Q,0.0016355,0.0016355,0.0016355,0.0016355,0.0016355,0.0016355,0.168926,0.0016355,0.0016355,0.0016355,0.0016355,0.0016355,0.0016355,0.0016355,0.0016355,0.0016355,0.0016355,0.0016355,0.0016355,0.0016355
4,400,-1977.5,RV-disorder-Q,Q,2.1e-05,2.1e-05,2.1e-05,2.1e-05,2.1e-05,2.1e-05,0.199601,2.1e-05,2.1e-05,2.1e-05,2.1e-05,2.1e-05,2.1e-05,2.1e-05,2.1e-05,2.1e-05,2.1e-05,2.1e-05,2.1e-05,2.1e-05
4,400,-1977.5,RV-order-G,G,0.0016355,0.0016355,0.0016355,0.0016355,0.0016355,0.0016355,0.0016355,0.168926,0.0016355,0.0016355,0.0016355,0.0016355,0.0016355,0.0016355,0.0016355,0.0016355,0.0016355,0.0016355,0.0016355,0.0016355
4,400,-1977.5,RV-disorder-G,G,2.1e-05,2.1e-05,2.1e-05,2.1e-05,2.1e-05,2.1e-05,2.1e-05,0.199601,2.1e-05,2.1e-05,2.1e-05,2.1e-05,2.1e-05,2.1e-05,2.1e-05,2.1e-05,2.1e-05,2.1e-05,2.1e-05,2.1e-05
4,400,-1977.5,RV-order-H,H,0.0016355,0.0016355,0.0016355,0.0016355,0.0016355,0.0016355,0.0016355,0.0016355,0.168926,0.0016355,0.0016355,0.0016355,0.0016355,0.0016355,0.0016355,0.0016355,0.0016355,0.0016355,0.0016355,0.0016355
4,400,-1977.5,RV-disorder-H,H,2.1e-05,2.1e-05,2.1e-05,2.1e-05,2.1e-05,2.1e-05,2.1e-05,2.1e-05,0.199601,2.1e-05,2.1e-05,2.1e-05,2.1e-05,2.1e-05,2.1e-05,2.1e-05,2.1e-05,2.1e-05,2.1e-05,2.1e-05
4,400,-1977.5,RV-order-I,I,0.0016355,0.0016355,0.0016355,0.0016355,0.0016355,0.0016355,0.0016355,0.0016355,0.0016355,0.168926,0.0016355,0.0016355,0.0016355,0.0016355,0.0016355,0.0016355,0.0016355,0.0016355,0.0016355,0.0016355
4,400,-1977.5,RV-disorder-I,I,2.1e-05,2.1e-05,2.1e-05,2.1e-05,2.1e-05,2.1e-05,2.1e-05,2.1e-05,2.1e-05,0.199601,2.1e-05,2.1e-05,2.1e-05,2.1e-05,2.1e-05,2.1e-05,2.1e-05,2.1e-05,2.1e-05,2.1e-05
4,400,-1977.5,RV-order-L,L,0.0016355,0.0016355,0.0016355,0.0016355,0.0016355,0.0016355,0.0016355,0.0016355,0.0016355,0.0016355,0.168926,0.0016355,0.0016355,0.0016355,0.0016355,0.0016355,0.0016355,0.0016355,0.0016355,0.0016355
4,400,-1977.5,RV-disorder-L,L,2.1e-05,2.1e-05,2.1e-05,2.1e-05,2.1e-05,2.1e-05,2.1e-05,2.1e-05,2.1e-05,2.1e-05,0.199601,2.1e-05,2.1e-05,2.1e-05,2.1e-05,2.1e-05,2.1e-05,2.1e-05,2.1e-05,2.1e-05
4,400,-1977.5,RV-order-K,K,0.0016355,0.0016355,0.0016355,0.0016355,0.0016355,0.0016355,0.0016355,0.0016355,0.0016355,0.0016355,0.0016355,0.168926,0.0016355,0.0016355,0.0016355,0.0016355,0.0016355,0.0016355,0.0016355,0.0016355
4,400,-1977.5,RV-disorder-K,K,2.1e-05,2.1e-05,2.1e-05,2.1e-05,2.1e-05,2.1e-05,2.1e-05,2.1e-05,2.1e-05,2.1e-05,2.1e-05,0.199601,2.1e-05,2.1e-05,2.1e-05,2.1e-05,2.1e-05,2.1e-05,2.1e-05,2.1e-05
4,400,-1977.5,RV-order-M,M,0.0016355,0.0016355,0.0016355,0.0016355,0.0016355,0.0016355,0.0016355,0.0016355,0.0016355,0.0016355,0.0016355,0.0016355,0.168926,0.0016355,0.0016355,0.0016355,0.0016355,0.0016355,0.0016355,0.0016355
4,400,-1977.5,RV-disorder-M,M,2.1e-05,2.1e-05,2.1e-05,2.1e-05,2.1e-05,2.1e-05,2.1e-05,2.1e-05,2.1e-05,2.1e-05,2.1e-05,2.1e-05,0.199601,2.1e-05,2.1e-05,2.1e-05,2.1e-05,2.1e-05,2.1e-05,2.1e-05
4,400,-1977.5,RV-order-F,F,0.0016355,0.0016355,0.0016355,0.0016355,0.0016355,0.0016355,0.0016355,0.0016355,0.0016355,0.0016355,0.0016355,0.0016355,0.0016355,0.168926,0.0016355,0.0016355,0.0016355,0.0016355,0.0016355,0.0016355
4,400,-1977.5,RV-disorder-F,F,2.1e-05,2.1e-05,2.1e-05,2.1e-05,2.1e-05,2.1e-05,2.1e-05,2.1e-05,2.1e-05,2.1e-05,2.1e-05,2.1e-05,2.1e-05,0.199601,2.1e-05,2.1e-05,2.1e-05,2.1e-05,2.1e-05,2.1e-05
4,400,-1977.5,RV-order-P,P,0.0016355,0.0016355,0.0016355,0.0016355,0.0016355,0.0016355,0.0016355,0.0016355,0.0016355,0.0016355,0.0016355,0.0016355,0.0016355,0.0016355,0.168926,0.0016355,0.0016355,0.0016355,0.0016355,0.0016355
4,400,-1977.5,RV-disorder-P,P,2.1e-05,2.1e-05,2.1e-05,2.1e-05,2.1e-05,2.1e-05,2.1e-05,2.1e-05,2.1e-05,2.1e-05,2.1e-05,2.1e-05,2.1e-05,2.1e-05,0.199601,2.1e-05,2.1e-05,2.1e-05,2.1e-05,2.1e-05
4,400,-1977.5,RV-order-S,S,0.0016355,0.0016355,0.0016355,0.0016355,0.0016355,0.0016355,0.0016355,0.0016355,0.0016355,0.0016355,0.0016355,0.0016355,0.0016355,0.0016355,0.0016355,0.168926,0.0016355,0.0016355,0.0016355,0.0016355
4,400,-1977.5,RV-disorder-S,S,2.1e-05,2.1e-05,2.1e-05,2.1e-05,2.1e-05,2.1e-05,2.1e-05,2.1e-05,2.1e-05,2.1e-05,2.1e-05,2.1e-05,2.1e-05,2.1e-05,2.1e-05,0.199601,2.1e-05,2.1e-05,2.1e-05,2.1e-05
4,400,-1977.5,RV-order-T,T,0.0016355,0.0016355,0.0016355,0.0016355,0.0016355,0.0016355,0.0016355,0.0016355,0.0016355,0.0016355,0.0016355,0.0016355,0.0016355,0.0016355,0.0016355,0.0016355,0.168926,0.0016355,0.0016355,0.0016355
4,400,-1977.5,RV-disorder-T,T,2.1e-05,2.1e-05,2.1e-05,2.1e-05,2.1e-05,2.1e-05,2.1e-05,2.1e-05,2.1e-05,2.1e-05,2.1e-05,2.1e-05,2.1e-05,2.1e-05,2.1e-05,2.1e-05,0.199601,2.1e-05,2.1e-05,2.1e-05
4,400,-1977.5,RV-order-W,W,0.0016355,0.0016355,0.0016355,0.0016355,0.0016355,0.0016355,0.0016355,0.0016355,0.0016355,0.0016355,0.0016355,0.0016355,0.0016355,0.0016355,0.0016355,0.0016355,0.0016355,0.168926,0.0016355,0.0016355
4,400,-1977.5,RV-disorder-W,W,2.1e-05,2.1e-05,2.1e-05,2.1e-05,2.1e-05,2.1e-05,2.1e-05,2.1e-05,2.1e-05,2.1e-05,2.1e-05,2.1e-05,2.1e-05,2.1e-05,2.1e-05,2.1e-05,2.1e-05,0.199601,2.1e-05,2.1e-05
4,400,-1977.5,RV-order-Y,Y,0.0016355,0.0016355,0.0016355,0.0016355,0.0016355,0.0016355,0.0016355,0.0016355,0.0016355,0.0016355,0.0016355,0.0016355,0.0016355,0.0016355,0.0016355,0.0016355,0.0016355,0.0016355,0.168926,0.0016355
4,400,-1977.5,RV-disorder-Y,Y,2.1e-05,2.1e-05,2.1e-05,2.1e-05,2.1e-05,2.1e-05,2.1e-05,2.1e-05,2.1e-05,2.1e-05,2.1e-05,2.1e-05,2.1e-05,2.1e-05,2.1e-05,2.1e-05,2.1e-05,2.1e-05,0.199601,2.1e-05
4,400,-1977.5,RV-order-V,V,0.0016355,0.0016355,0.0016355,0.0016355,0.0016355,0.0016355,0.0016355,0.0016355,0.0016355,0.0016355,0.0016355,0.0016355,0.0016355,0.0016355,0.0016355,0.0016355,0.0016355,0.0016355,0.0016355,0.168926
4,400,-1977.5,RV-disorder-V,V,2.1e-05,2.1e-05,2.1e-05,2.1e-05,2.1e-05,2.1e-05,2.1e-05,2.1e-05,2.1e-05,2.1e-05,2.1e-05,2.1e-05,2.1e-05,2.1e-05,2.1e-05,2.1e-05,2.1e-05,2.1e-05,2.1e-05,0.199601
4,400,-1977.5,RV-O,O,0.194401,0.0055988
4,400,-1977.5,RV-D,D,0.0055988,0.194401
5,500,-1974.78,RV-order-A,A,0.173039,0.001419,0.001419,0.001419,0.001419,0.001419,0.001419,0.001419,0.001419,0.001419,0.001419,0.001419,0.001419,0.001419,0.001419,0.001419,0.001419,0.001419,0.001419,0.001419
5,500,-1974.78,RV-disorder-A,A,0.199966,1.8e-06,1.8e-06,1.8e-06,1.8e-06,1.8e-06,1.8e-06,1.8e-06,1.8e-06,1.8e-06,1.8e-06,1.8e-06,1.8e-06,1.8e-06,1.8e-06,1.8e-06,1.8e-06,1.8e-06,1.8e-06,1.8e-06
5,500,-1974.78,RV-order-R,R,0.001419,0.173039,0.001419,0.001419,0.001419,0.001419,0.001419,0.001419,0.001419,0.001419,0.001419,0.001419,0.001419,0.001419,0.001419,0.001419,0.001419,0.001419,0.001419,0.001419
5,500,-1974.78,RV-disorder-R,R,1.8e-06,0.199966,1.8e-06,1.8e-06,1.8e-06,1.8e-06,1.8e-06,1.8e-06,1.8e-06,1.8e-06,1.8e-06,1.8e-06,1.8e-06,1.8e-06,1.8e-06,1.8e-06,1.8e-06,1.8e-06,1.8e-06,1.8e-06
5,500,-1974.78,RV-order-N,N,0.001419,0.001419,0.173039,0.001419,0.001419,0.001419,0.001419,0.001419,0.001419,0.001419,0.001419,0.001419,0.001419,0.001419,0.001419,0.001419,0.001419,0.001419,0.001419,0.001419
5,500,-1974.78,RV-disorder-N,N,1.8e-06,1.8e-06,0.199966,1.8e-06,1.8e-06,1.8e-06,1.8e-06,1.8e-06,1.8e-06,1.8e-06,1.8e-06,1.8e-06,1.8e-06,1.8e-06,1.8e-06,1.8e-06,1.8e-06,1.8e-06,1.8e-06,1.8e-06
5,500,-1974.78,RV-order-D,D,0.001419,0.001419,0.001419,0.173039,0.001419,0.001419,0.001419,0.001419,0.001419,0.001419,0.001419,0.001419,0.001419,0.001419,0.001419,0.001419,0.001419,0.001419,0.001419,0.001419
5,500,-1974.78,RV-disorder-D,D,1.8e-06,1.8e-06,1.8e-06,0.199966,1.8e-06,1.8e-06,1.8e-06,1.8e-06,1.8e-06,1.8e-06,1.8e-06,1.8e-06,1.8e-06,1.8e-06,1.8e-06,1.8e-06,1.8e-06,1.8e-06,1.8e-06,1.8e-06
5,500,-1974.78,RV-order-C,C,0.001419,0.001419,0.001419,0.001419,0.173039,0.001419,0.001419,0.001419,0.001419,0.001419,0.001419,0.001419,0.001419,0.001419,0.001419,0.001419,0.001419,0.001419,0.001419,0.001419
5,500,-1974.78,RV-disorder-C,C,1.8e-06,1.8e-06,1.8e-06,1.8e-06,0.199966,1.8e-06,1.8e-06,1.8e-06,1.8e-06,1.8e-06,1.8e-06,1.8e-06,1.8e-06,1.8e-06,1.8e-06,1.8e-06,1.8e-06,1.8e-06,1.8e-06,1.8e-06
5,500,-1974.78,RV-order-E,E,0.001419,0.001419,0.001419,0.001419,0.001419,0.173039,0.001419,0.001419,0.001419,0.001419,0.001419,0.001419,0.001419,0.001419,0.001419,0.001419,0.001419,0.001419,0.001419,0.001419
5,500,-1974.78,RV-disorder-E,E,1.8e-06,1.8e-06,1.8e-06,1.8e-06,1.8e-06,0.199966,1.8e-06,1.8e-06,1.8e-06,1.8e-06,1.8e-06,1.8e-06,1.8e-06,1.8e-06,1.8e-06,1.8e-06,1.8e-06,1.8e-06,1.8e-06,1.8e-06
5,500,-1974.78,RV-order-Q,Q,0.001419,0.001419,0.001419,0.001419,0.001419,0.001419,0.173039,0.001419,0.001419,0.001419,0.001419,0.001419,0.001419,0.001419,0.001419,0.001419,0.001419,0.001419,0.001419,0.001419
5,500,-1974.78,RV-disorder-Q,Q,1.8e-06,1.8e-06,1.8e-06,1.8e-06,1.8e-06,1.8e-06,0.199966,1.8e-06,1.8e-06,1.8e-06,1.8e-06,1.8e-06,1.8e-06,1.8e-06,1.8e-06,1.8e-06,1.8e-06,1.8e-06,1.8e-06,1.8e-06
5,500,-1974.78,RV-order-G,G,0.001419,0.001419,0.001419,0.001419,0.001419,0.001419,0.001419,0.173039,0.001419,0.001419,0.001419,0.001419,0.001419,0.001419,0.001419,0.001419,0.001419,0.001419,0.001419,0.001419
5,500,-1974.78,RV-disorder-G,G,1.8e-06,1.8e-06,1.8e-06,1.8e-06,1.8e-06,1.8e-06,1.8e-06,0.199966,1.8e-06,1.8e-06,1.8e-06,1.8e-06,1.8e-06,1.8e-06,1.8e-06,1.8e-06,1.8e-06,1.8e-06,1.8e-06,1.8e-06
5,500,-1974.78,RV-order-H,H,0.001419,0.001419,0.001419,0.001419,0.001419,0.001419,0.001419,0.001419,0.173039,0.001419,0.001419,0.001419,0.001419,0.001419,0.001419,0.001419,0.001419,0.001419,0.001419,0.001419
5,500,-1974.78,RV-disorder-H,H,1.8e-06,1.8e-06,1.8e-06,1.8e-06,1.8e-06,1.8e-06,1.8e-06,1.8e-06,0.199966,1.8e-06,1.8e-06,1.8e-06,1.8e-06,1.8e-06,1.8e-06,1.8e-06,1.8e-06,1.8e-06,1.8e-06,1.8e-06
5,500,-1974.78,RV-order-I,I,0.001419,0.001419,0.001419,0.001419,0.001419,0.001419,0.001419,0.001419,0.001419,0.173039,0.001419,0.001419,0.001419,0.001419,0.001419,0.001419,0.001419,0.001419,0.001419,0.001419
5,500,-1974.78,RV-disorder-I,I,1.8e-06,1.8e-06,1.8e-06,1.8e-06,1.8e-06,1.8e-06,1.8e-06,1.8e-06,1.8e-06,0.199966,1.8e-06,1.8e-06,1.8e-06,1.8e-06,1.8e-06,1.8e-06,1.8e-06,1.8e-06,1.8e-06,1.8e-06
5,500,-1974.78,RV-order-L,L,0.001419,0.001419,0.001419,0.001419,0.001419,0.001419,0.001419,0.001419,0.001419,0.001419,0.173039,0.001419,0.001419,0.001419,0.001419,0.001419,0.001419,0.001419,0.001419,0.001419
5,500,-1974.78,RV-disorder-L,L,1.8e-06,1.8e-06,1.8e-06,1.8e-06,1.8e-06,1.8e-06,1.8e-06,1.8e-06,1.8e-06,1.8e-06,0.199966,1.8e-06,1.8e-06,1.8e-06,1.8e-06,1.8e-06,1.8e-06,1.8e-06,1.8e-06,1.8e-06
5,500,-1974.78,RV-order-K,K,0.001419,0.001419,0.001419,0.001419,0.001419,0.001419,0.001419,0.001419,0.001419,0.001419,0.001419,0.173039,0.001419,0.001419,0.001419,0.001419,0.001419,0.001419,0.001419,0.001419
5,500,-1974.78,RV-disorder-K,K,1.8e-06,1.8e-06,1.8e-06,1.8e-06,1.8e-06,1.8e-06,1.8e-06,1.8e-06,1.8e-06,1.8e-06,1.8e-06,0.199966,1.8e-06,1.8e-06,1.8e-06,1.8e-06,1.8e-06,1.8e-06,1.8e-06,1.8e-06
5,500,-1974.78,RV-order-M,M,0.001419,0.001419,0.001419,0.001419,0.001419,0.001419,0.001419,0.001419,0.001419,0.001419,0.001419,0.001419,0.173039,0.001419,0.001419,0.001419,0.001419,0.001419,0.001419,0.001419
5,500,-1974.78,RV-disorder-M,M,1.8e-06,1.8e-06,1.8e-06,1.8e-06,1.8e-06,1.8e-06,1.8e-06,1.8e-06,1.8e-06,1.8e-06,1.8e-06,1.8e-06,0.199966,1.8e-06,1.8e-06,1.8e-06,1.8e-06,1.8e-06,1.8e-06,1.8e-06
5,500,-1974.78,RV-order-F,F,0.001419,0.001419,0.001419,0.001419,0.001419,0.001419,0.001419,0.001419,0.001419,0.001419,0.001419,0.001419,0.001419,0.173039,0.001419,0.001419,0.001419,0.001419,0.001419,0.001419
5,500,-1974.78,RV-disorder-F,F,1.8e-06,1.8e-06,1.8e-06,1.8e-06,1.8e-06,1.8e-06,1.8e-06,1.8e-06,1.8e-06,1.8e-06,1.8e-06,1.8e-06,1.8e-06,0.199966,1.8e-06,1.8e-06,1.8e-06,1.8e-06,1.8e-06,1.8e-06
5,500,-1974.78,RV-order-P,P,0.001419,0.001419,0.001419,0.001419,0.001419,0.001419,0.001419,0.001419,0.001419,0.001419,0.001419,0.001419,0.001419,0.001419,0.173039,0.001419,0.001419,0.001419,0.001419,0.001419
5,500,-1974.78,RV-disorder-P,P,1.8e-06,1.8e-06,1.8e-06,1.8e-06,1.8e-06,1.8e-06,1.8e-06,1.8e-06,1.8e-06,1.8e-06,1.8e-06,1.8e-06,1.8e-06,1.8e-06,0.199966,1.8e-06,1.8e-06,1.8e-06,1.8e-06,1.8e-06
5,500,-1974.78,RV-order-S,S,0.001419,0.001419,0.001419,0.001419,0.001419,0.001419,0.001419,0.001419,0.001419,0.001419,0.001419,0.001419,0.001419,0.001419,0.001419,0.173039,0.001419,0.001419,0.001419,0.001419
5,500,-1974.78,RV-disorder-S,S,1.8e-06,1.8e-06,1.8e-06,1.8e-06,1.8e-06,1.8e-06,1.8e-06,1.8e-06,1.8e-06,1.8e-06,1.8e-06,1.8e-06,1.8e-06,1.8e-06,1.8e-06,0.199966,1.8e-06,1.8e-06,1.8e-06,1.8e-06
5,500,-1974.78,RV-order-T,T,0.001419,0.001419,0.001419,0.001419,0.001419,0.001419,0.001419,0.001419,0.001419,0.001419,0.001419,0.001419,0.001419,0.001419,0.001419,0.001419,0.173039,0.001419,0.001419,0.001419
5,500,-1974.78,RV-disorder-T,T,1.8e-06,1.8e-06,1.8e-06,1.8e-06,1.8e-06,1.8e-06,1.8e-06,1.8e-06,1.8e-06,1.8e-06,1.8e-06,1.8e-06,1.8e-06,1.8e-06,1.8e-06,1.8e-06,0.199966,1.8e-06,1.8e-06,1.8e-06
5,500,-1974.78,RV-order-W,W,0.001419,0.001419,0.001419,0.001419,0.001419,0.001419,0.001419,0.001419,0.001419,0.001419,0.001419,0.001419,0.001419,0.001419,0.001419,0.001419,0.001419,0.173039,0.001419,0.001419
5,500,-1974.78,RV-disorder-W,W,1.8e-06,1.8e-06,1.8e-06,1.8e-06,1.8e-06,1.8e-06,1.8e-06,1.8e-06,1.8e-06,1.8e-06,1.8e-06,1.8e-06,1.8e-06,1.8e-06,1.8e-06,1.8e-06,1.8e-06,0.199966,1.8e-06,1.8e-06
5,500,-1974.78,RV-order-Y,Y,0.001419,0.001419,0.001419,0.001419,0.001419,0.001419,0.001419,0.001419,0.001419,0.001419,0.001419,0.001419,0.001419,0.001419,0.001419,0.001419,0.001419,0.001419,0.173039,0.001419
5,500,-1974.78,RV-disorder-Y,Y,1.8e-06,1.8e-06,1.8e-06,1.8e-06,1.8e-06,1.8e-06,1.8e-06,1.8e-06,1.8e-06,1.8e-06,1.8e-06,1.8e-06,1.8e-06,1.8e-06,1.8e-06,1.8e-06,1.8e-06,1.8e-06,0.199966,1.8e-06
5,500,-1974.78,RV-order-V,V,0.001419,0.001419,0.001419,0.001419,0.001419,0.001419,0.001419,0.001419,0.001419,0.001419,0.001419,0.001419,0.001419,0.001419,0.001419,0.001419,0.001419,0.001419,0.001419,0.173039
5,500,-1974.78,RV-disorder-V,V,1.8e-06,1.8e-06,1.8e-06,1.8e-06,1.8e-06,1.8e-06,1.8e-06,1.8e-06,1.8e-06,1.8e-06,1.8e-06,1.8e-06,1.8e-06,1.8e-06,1.8e-06,1.8e-06,1.8e-06,1.8e-06,1.8e-06,0.199966
5,500,-1974.78,RV-O,O,0.197606,0.0023941
5,500,-1974.78,RV-D,D,0.0023941,0.197606
